dbid,created,last,upi,version_i,deleted,timestamp,userstamp,ac,version,taxid,id
12,162,162,URS00006F7FE6,1,Y,2017-10-13 16:02:40.021948,rnacen,LT800692.1:1..88:ncRNA:snopy:Danio_rerio300000,1,7955,1139400675
12,162,162,URS00006BA115,1,Y,2017-10-13 16:02:29.636000,rnacen,LT800693.1:1..88:ncRNA:snopy:Danio_rerio300001,1,7955,1139400676
12,162,162,URS000064E9A4,1,Y,2017-10-13 16:01:49.742506,rnacen,LT800694.1:1..71:ncRNA:snopy:Danio_rerio300006,1,7955,1139400677
12,162,162,URS000071B7E0,1,Y,2017-10-13 16:02:25.111509,rnacen,LT800695.1:1..70:ncRNA:snopy:Danio_rerio300011,1,7955,1139400678
12,162,162,URS000067115C,1,Y,2017-10-13 16:01:56.890166,rnacen,LT800696.1:1..127:ncRNA:snopy:Danio_rerio300012,1,7955,1139400679
12,162,162,URS00006AD8E2,1,Y,2017-10-13 16:02:28.199315,rnacen,LT800697.1:1..70:ncRNA:snopy:Danio_rerio300013,1,7955,1139400680
12,162,162,URS000062866A,1,Y,2017-10-13 16:01:59.858377,rnacen,LT800698.1:1..216:ncRNA:snopy:Danio_rerio300020,1,7955,1139400681
12,162,162,URS00006258DB,1,Y,2017-10-13 16:02:26.722779,rnacen,LT800699.1:1..216:ncRNA:snopy:Danio_rerio300021,1,7955,1139400682
12,162,162,URS00006EE69D,1,Y,2017-10-13 16:01:48.519760,rnacen,LT800700.1:1..216:ncRNA:snopy:Danio_rerio300022,1,7955,1139400683
12,162,162,URS0000728FA9,1,Y,2017-10-13 16:02:41.707419,rnacen,LT800701.1:1..216:ncRNA:snopy:Danio_rerio300023,1,7955,1139400684
12,162,162,URS0000714AB3,1,Y,2017-10-13 16:01:59.349101,rnacen,LT800702.1:1..216:ncRNA:snopy:Danio_rerio300024,1,7955,1139400685
12,162,162,URS000062A271,1,Y,2017-10-13 16:01:47.123142,rnacen,LT800703.1:1..216:ncRNA:snopy:Danio_rerio300025,1,7955,1139400686
12,162,162,URS00006B0848,1,Y,2017-10-13 16:01:58.031478,rnacen,LT800704.1:1..215:ncRNA:snopy:Danio_rerio300026,1,7955,1139400687
12,162,162,URS00006916FA,1,Y,2017-10-13 16:02:13.298713,rnacen,LT800705.1:1..216:ncRNA:snopy:Danio_rerio300027,1,7955,1139400688
12,162,162,URS000070722D,1,Y,2017-10-13 16:02:38.447520,rnacen,LT800706.1:1..216:ncRNA:snopy:Danio_rerio300028,1,7955,1139400689
12,162,162,URS00006D3DBC,1,Y,2017-10-13 16:02:29.343294,rnacen,LT800707.1:1..77:ncRNA:snopy:Danio_rerio300029,1,7955,1139400690
12,162,162,URS00006D3DBC,1,Y,2017-10-13 16:02:29.343306,rnacen,LT800708.1:1..77:ncRNA:snopy:Danio_rerio300030,1,7955,1139400691
12,162,162,URS0000677FC1,1,Y,2017-10-13 16:02:13.142714,rnacen,LT800709.1:1..69:ncRNA:snopy:Danio_rerio300031,1,7955,1139400692
12,162,162,URS0000718FED,1,Y,2017-10-13 16:02:19.517687,rnacen,LT800710.1:1..94:ncRNA:snopy:Danio_rerio300032,1,7955,1139400693
12,162,162,URS0000648EF9,1,Y,2017-10-13 16:01:45.314132,rnacen,LT800711.1:1..93:ncRNA:snopy:Danio_rerio300033,1,7955,1139400694
12,162,162,URS00006C8EE0,1,Y,2017-10-13 16:01:58.914760,rnacen,LT800712.1:1..94:ncRNA:snopy:Danio_rerio300034,1,7955,1139400695
12,162,162,URS0000A87B8A,1,Y,2017-10-13 16:01:56.208001,rnacen,LT800713.1:1..87:ncRNA:snopy:Danio_rerio300035,1,7955,1139400696
12,162,162,URS000072ED4F,1,Y,2017-10-13 16:02:04.693451,rnacen,LT800714.1:1..216:ncRNA:snopy:Danio_rerio300036,1,7955,1139400697
12,162,162,URS000063D735,1,Y,2017-10-13 16:02:05.045836,rnacen,LT800715.1:1..216:ncRNA:snopy:Danio_rerio300037,1,7955,1139400698
12,162,162,URS00006FA4FC,1,Y,2017-10-13 16:02:14.888471,rnacen,LT800716.1:1..215:ncRNA:snopy:Danio_rerio300038,1,7955,1139400699
12,162,162,URS000063B546,1,Y,2017-10-13 16:02:34.829682,rnacen,LT800717.1:1..216:ncRNA:snopy:Danio_rerio300039,1,7955,1139400700
12,162,162,URS00006F5D22,1,Y,2017-10-13 16:01:55.736322,rnacen,LT800718.1:1..131:ncRNA:snopy:Danio_rerio300042,1,7955,1139400701
12,162,162,URS000063879A,1,Y,2017-10-13 16:02:15.550152,rnacen,LT800719.1:1..131:ncRNA:snopy:Danio_rerio300043,1,7955,1139400702
12,162,162,URS0000664E8E,1,Y,2017-10-13 16:02:22.222318,rnacen,LT800720.1:1..131:ncRNA:snopy:Danio_rerio300044,1,7955,1139400703
12,162,162,URS0000633157,1,Y,2017-10-13 16:01:53.684132,rnacen,LT800721.1:1..131:ncRNA:snopy:Danio_rerio300045,1,7955,1139400704
12,162,162,URS00006A6FBC,1,Y,2017-10-13 16:02:28.075790,rnacen,LT800722.1:1..72:ncRNA:snopy:Danio_rerio300046,1,7955,1139400705
12,162,162,URS00006720AE,1,Y,2017-10-13 16:02:23.083481,rnacen,LT800723.1:1..216:ncRNA:snopy:Danio_rerio300047,1,7955,1139400706
12,162,162,URS0000671535,1,Y,2017-10-13 16:01:45.906168,rnacen,LT800724.1:1..217:ncRNA:snopy:Danio_rerio300048,1,7955,1139400707
12,162,162,URS00006FA85B,1,Y,2017-10-13 16:02:07.870146,rnacen,LT800725.1:1..216:ncRNA:snopy:Danio_rerio300049,1,7955,1139400708
12,162,162,URS00006D0609,1,Y,2017-10-13 16:02:00.313757,rnacen,LT800726.1:1..217:ncRNA:snopy:Danio_rerio300051,1,7955,1139400709
12,162,162,URS00006D0030,1,Y,2017-10-13 16:01:55.813371,rnacen,LT800727.1:1..217:ncRNA:snopy:Danio_rerio300052,1,7955,1139400710
12,162,162,URS00006F9D80,1,Y,2017-10-13 16:02:27.557339,rnacen,LT800728.1:1..216:ncRNA:snopy:Danio_rerio300053,1,7955,1139400711
12,162,162,URS0000709C68,1,Y,2017-10-13 16:02:20.127778,rnacen,LT800729.1:1..99:ncRNA:snopy:Danio_rerio300054,1,7955,1139400712
12,162,162,URS0000708BF0,1,Y,2017-10-13 16:02:26.140912,rnacen,LT800730.1:1..216:ncRNA:snopy:Danio_rerio300055,1,7955,1139400713
12,162,162,URS0000A8F557,1,Y,2017-10-13 16:01:49.075281,rnacen,LT800731.1:1..76:ncRNA:snopy:Danio_rerio300057,1,7955,1139400714
12,162,162,URS000066B3AF,1,Y,2017-10-13 16:02:13.578595,rnacen,LT800732.1:1..133:ncRNA:snopy:Danio_rerio300059,1,7955,1139400715
12,162,162,URS00007084FE,1,Y,2017-10-13 16:02:10.970171,rnacen,LT800733.1:1..90:ncRNA:snopy:Danio_rerio300061,1,7955,1139400716
12,162,162,URS00006C3DCB,1,Y,2017-10-13 16:02:28.017658,rnacen,LT800734.1:1..136:ncRNA:snopy:Danio_rerio300062,1,7955,1139400717
12,162,162,URS0000696C61,1,Y,2017-10-13 16:02:40.947227,rnacen,LT800735.1:1..136:ncRNA:snopy:Danio_rerio300063,1,7955,1139400718
12,162,162,URS00006A4AAC,1,Y,2017-10-13 16:02:19.510165,rnacen,LT800736.1:1..136:ncRNA:snopy:Danio_rerio300064,1,7955,1139400719
12,162,162,URS0000AA80B6,1,Y,2017-10-13 16:02:25.595332,rnacen,LT800737.1:1..131:ncRNA:snopy:Danio_rerio300065,1,7955,1139400720
12,162,162,URS0000708BF0,1,Y,2017-10-13 16:02:26.140927,rnacen,LT800738.1:1..216:ncRNA:snopy:Danio_rerio300066,1,7955,1139400721
12,162,162,URS00006E0A43,1,Y,2017-10-13 16:01:54.296500,rnacen,LT800739.1:1..216:ncRNA:snopy:Danio_rerio300068,1,7955,1139400722
12,162,162,URS0000708BF0,1,Y,2017-10-13 16:02:26.140932,rnacen,LT800740.1:1..216:ncRNA:snopy:Danio_rerio300069,1,7955,1139400723
12,162,162,URS000071AC77,1,Y,2017-10-13 16:01:46.757704,rnacen,LT800741.1:1..217:ncRNA:snopy:Danio_rerio300070,1,7955,1139400724
12,162,162,URS00006342F8,1,Y,2017-10-13 16:01:47.162899,rnacen,LT800742.1:1..216:ncRNA:snopy:Danio_rerio300071,1,7955,1139400725
12,162,162,URS000062B416,1,Y,2017-10-13 16:01:41.490521,rnacen,LT800743.1:1..216:ncRNA:snopy:Danio_rerio300072,1,7955,1139400726
12,162,162,URS00006A070A,1,Y,2017-10-13 16:01:58.484569,rnacen,LT800744.1:1..216:ncRNA:snopy:Danio_rerio300073,1,7955,1139400727
12,162,162,URS000070315A,1,Y,2017-10-13 16:01:38.038200,rnacen,LT800745.1:1..133:ncRNA:snopy:Danio_rerio300075,1,7955,1139400728
12,162,162,URS00006EDD46,1,Y,2017-10-13 16:01:50.494173,rnacen,LT800746.1:1..127:ncRNA:snopy:Danio_rerio300076,1,7955,1139400729
12,162,162,URS000066182D,1,Y,2017-10-13 16:01:56.083464,rnacen,LT800747.1:1..133:ncRNA:snopy:Danio_rerio300078,1,7955,1139400730
12,162,162,URS000063BD50,1,Y,2017-10-13 16:01:43.074198,rnacen,LT800748.1:1..133:ncRNA:snopy:Danio_rerio300080,1,7955,1139400731
12,162,162,URS000067C834,1,Y,2017-10-13 16:01:55.916773,rnacen,LT800749.1:1..133:ncRNA:snopy:Danio_rerio300082,1,7955,1139400732
12,162,162,URS0000690D66,1,Y,2017-10-13 16:02:06.075655,rnacen,LT800750.1:1..71:ncRNA:snopy:Danio_rerio300085,1,7955,1139400733
12,162,162,URS000069D8C1,1,Y,2017-10-13 16:02:09.363018,rnacen,LT800751.1:1..72:ncRNA:snopy:Danio_rerio300086,1,7955,1139400734
12,162,162,URS0000A90C33,1,Y,2017-10-13 16:02:14.191162,rnacen,LT800752.1:1..81:ncRNA:snopy:Danio_rerio300087,1,7955,1139400735
12,162,162,URS0000A842E0,1,Y,2017-10-13 16:01:55.468105,rnacen,LT800753.1:1..81:ncRNA:snopy:Danio_rerio300088,1,7955,1139400736
12,162,162,URS000065DA31,1,Y,2017-10-13 16:01:50.507905,rnacen,LT800754.1:1..71:ncRNA:snopy:Danio_rerio300090,1,7955,1139400737
12,162,162,URS00006A76D4,1,Y,2017-10-13 16:01:55.129204,rnacen,LT800755.1:1..74:ncRNA:snopy:Danio_rerio300091,1,7955,1139400738
12,162,162,URS00006CD024,1,Y,2017-10-13 16:02:36.599607,rnacen,LT800756.1:1..81:ncRNA:snopy:Danio_rerio300092,1,7955,1139400739
12,162,162,URS00006FB8C1,1,Y,2017-10-13 16:02:25.041463,rnacen,LT800757.1:1..71:ncRNA:snopy:Danio_rerio300093,1,7955,1139400740
12,162,162,URS000068FCA3,1,Y,2017-10-13 16:02:13.874153,rnacen,LT800758.1:1..71:ncRNA:snopy:Danio_rerio300094,1,7955,1139400741
12,162,162,URS00006944CF,1,Y,2017-10-13 16:01:48.298923,rnacen,LT800759.1:1..76:ncRNA:snopy:Danio_rerio300097,1,7955,1139400742
12,162,162,URS00006667FA,1,Y,2017-10-13 16:02:05.715727,rnacen,LT800760.1:1..90:ncRNA:snopy:Danio_rerio300099,1,7955,1139400743
12,162,162,URS000067D85C,1,Y,2017-10-13 16:02:38.671111,rnacen,LT800761.1:1..136:ncRNA:snopy:Danio_rerio300100,1,7955,1139400744
12,162,162,URS0000685768,1,Y,2017-10-13 16:02:02.246477,rnacen,LT800762.1:1..99:ncRNA:snopy:Danio_rerio300101,1,7955,1139400745
12,162,162,URS0000697F48,1,Y,2017-10-13 16:01:53.861067,rnacen,LT800763.1:1..137:ncRNA:snopy:Danio_rerio300102,1,7955,1139400746
12,162,162,URS00006B37BE,1,Y,2017-10-13 16:01:48.354406,rnacen,LT800764.1:1..85:ncRNA:snopy:Danio_rerio300103,1,7955,1139400747
12,162,162,URS0000644FED,1,Y,2017-10-13 16:02:08.326414,rnacen,LT800765.1:1..87:ncRNA:snopy:Danio_rerio300104,1,7955,1139400748
12,162,162,URS00006FB7D7,1,Y,2017-10-13 16:02:43.097799,rnacen,LT800766.1:1..85:ncRNA:snopy:Danio_rerio300105,1,7955,1139400749
12,162,162,URS00006AC9B9,1,Y,2017-10-13 16:02:18.488612,rnacen,LT800767.1:1..85:ncRNA:snopy:Danio_rerio300106,1,7955,1139400750
12,162,162,URS0000A97982,1,Y,2017-10-13 16:02:06.352264,rnacen,LT800768.1:1..127:ncRNA:snopy:Danio_rerio300107,1,7955,1139400751
12,162,162,URS0000A8C893,1,Y,2017-10-13 16:01:43.547781,rnacen,LT800769.1:1..128:ncRNA:snopy:Danio_rerio300108,1,7955,1139400752
12,162,162,URS0000A845D6,1,Y,2017-10-13 16:02:14.765781,rnacen,LT800770.1:1..128:ncRNA:snopy:Danio_rerio300109,1,7955,1139400753
12,162,162,URS0000A9AE2B,1,Y,2017-10-13 16:01:50.169142,rnacen,LT800771.1:1..128:ncRNA:snopy:Danio_rerio300110,1,7955,1139400754
12,162,162,URS0000A8BD81,1,Y,2017-10-13 16:01:54.083847,rnacen,LT800772.1:1..128:ncRNA:snopy:Danio_rerio300111,1,7955,1139400755
12,162,162,URS0000662F18,1,Y,2017-10-13 16:02:09.328656,rnacen,LT800773.1:1..72:ncRNA:snopy:Danio_rerio300112,1,7955,1139400756
12,162,162,URS00006EE95D,1,Y,2017-10-13 16:02:04.619969,rnacen,LT800774.1:1..72:ncRNA:snopy:Danio_rerio300113,1,7955,1139400757
12,162,162,URS00006F6787,1,Y,2017-10-13 16:02:29.524469,rnacen,LT800775.1:1..76:ncRNA:snopy:Danio_rerio300114,1,7955,1139400758
12,162,162,URS000065E0C5,1,Y,2017-10-13 16:01:44.959474,rnacen,LT800776.1:1..71:ncRNA:snopy:Danio_rerio300115,1,7955,1139400759
12,162,162,URS000072C063,1,Y,2017-10-13 16:01:58.950896,rnacen,LT800777.1:1..142:ncRNA:snopy:Danio_rerio300116,1,7955,1139400760
12,162,162,URS0000AB042C,1,Y,2017-10-13 16:02:12.994648,rnacen,LT800778.1:1..90:ncRNA:snopy:Danio_rerio300117,1,7955,1139400761
12,162,162,URS0000A99F01,1,Y,2017-10-13 16:02:02.942405,rnacen,LT800779.1:1..179:ncRNA:snopy:Danio_rerio300118,1,7955,1139400762
12,162,162,URS000067F01B,1,Y,2017-10-13 16:02:29.933130,rnacen,LT800780.1:1..181:ncRNA:snopy:Danio_rerio300119,1,7955,1139400763
12,162,162,URS00006983C6,1,Y,2017-10-13 16:01:35.503868,rnacen,LT800781.1:1..96:ncRNA:snopy:Danio_rerio300120,1,7955,1139400764
12,162,162,URS00006516C4,1,Y,2017-10-13 16:02:40.972244,rnacen,LT800782.1:1..96:ncRNA:snopy:Danio_rerio300121,1,7955,1139400765
12,162,162,URS000070ACD4,1,Y,2017-10-13 16:02:37.415506,rnacen,LT800783.1:1..96:ncRNA:snopy:Danio_rerio300123,1,7955,1139400766
12,162,162,URS000063CA6C,1,Y,2017-10-13 16:02:40.474708,rnacen,LT800784.1:1..77:ncRNA:snopy:Danio_rerio300124,1,7955,1139400767
12,162,162,URS000062B354,1,Y,2017-10-13 16:01:39.741157,rnacen,LT800785.1:1..134:ncRNA:snopy:Danio_rerio300125,1,7955,1139400768
12,162,162,URS00006BAA23,1,Y,2017-10-13 16:02:30.682688,rnacen,LT800786.1:1..79:ncRNA:snopy:Danio_rerio300126,1,7955,1139400769
12,162,162,URS000066524B,1,Y,2017-10-13 16:01:42.684283,rnacen,LT800787.1:1..88:ncRNA:snopy:Danio_rerio300127,1,7955,1139400770
12,162,162,URS00006DCD04,1,Y,2017-10-13 16:02:12.656552,rnacen,LT800788.1:1..147:ncRNA:snopy:Danio_rerio300128,1,7955,1139400771
12,162,162,URS00006EDBF7,1,Y,2017-10-13 16:01:50.300942,rnacen,LT800789.1:1..149:ncRNA:snopy:Danio_rerio300129,1,7955,1139400772
12,162,162,URS00006BD550,1,Y,2017-10-13 16:02:22.061666,rnacen,LT800790.1:1..149:ncRNA:snopy:Danio_rerio300130,1,7955,1139400773
12,162,162,URS0000643858,1,Y,2017-10-13 16:01:36.045080,rnacen,LT800791.1:1..98:ncRNA:snopy:Danio_rerio300131,1,7955,1139400774
12,162,162,URS0000713A3E,1,Y,2017-10-13 16:01:48.151804,rnacen,LT800792.1:1..68:ncRNA:snopy:Danio_rerio300132,1,7955,1139400775
12,162,162,URS00006EFAB5,1,Y,2017-10-13 16:02:04.971539,rnacen,LT800793.1:1..98:ncRNA:snopy:Danio_rerio300133,1,7955,1139400776
12,162,162,URS0000721D10,1,Y,2017-10-13 16:02:08.646078,rnacen,LT800794.1:1..69:ncRNA:snopy:Danio_rerio300134,1,7955,1139400777
12,162,162,URS000069456A,1,Y,2017-10-13 16:02:14.203878,rnacen,LT800795.1:1..68:ncRNA:snopy:Danio_rerio300135,1,7955,1139400778
12,162,162,URS00006D9198,1,Y,2017-10-13 16:01:43.716280,rnacen,LT800796.1:1..70:ncRNA:snopy:Danio_rerio300136,1,7955,1139400779
12,162,162,URS000066278F,1,Y,2017-10-13 16:02:16.289365,rnacen,LT800797.1:1..81:ncRNA:snopy:Danio_rerio300137,1,7955,1139400780
12,162,162,URS0000A9FC24,1,Y,2017-10-13 16:02:37.900950,rnacen,LT800798.1:1..76:ncRNA:snopy:Danio_rerio300138,1,7955,1139400781
12,162,162,URS000062E9D6,1,Y,2017-10-13 16:01:46.581092,rnacen,LT800799.1:1..82:ncRNA:snopy:Danio_rerio300139,1,7955,1139400782
12,162,162,URS00006E64CA,1,Y,2017-10-13 16:02:00.748099,rnacen,LT800800.1:1..82:ncRNA:snopy:Danio_rerio300140,1,7955,1139400783
12,162,162,URS00006F1FA5,1,Y,2017-10-13 16:02:31.248369,rnacen,LT800801.1:1..67:ncRNA:snopy:Danio_rerio300141,1,7955,1139400784
12,162,162,URS0000A85A3D,1,Y,2017-10-13 16:01:45.767183,rnacen,LT800802.1:1..67:ncRNA:snopy:Danio_rerio300142,1,7955,1139400785
12,162,162,URS0000A791F3,1,Y,2017-10-13 16:02:03.200389,rnacen,LT800803.1:1..67:ncRNA:snopy:Danio_rerio300143,1,7955,1139400786
12,162,162,URS000062ACC9,1,Y,2017-10-13 16:02:16.912234,rnacen,LT800804.1:1..136:ncRNA:snopy:Danio_rerio300144,1,7955,1139400787
12,162,162,URS000067B3D9,1,Y,2017-10-13 16:02:27.217972,rnacen,LT800805.1:1..221:ncRNA:snopy:Danio_rerio300145,1,7955,1139400788
12,162,162,URS000072AA8B,1,Y,2017-10-13 16:01:56.627679,rnacen,LT800806.1:1..220:ncRNA:snopy:Danio_rerio300146,1,7955,1139400789
12,162,162,URS000064DD96,1,Y,2017-10-13 16:01:54.177259,rnacen,LT800807.1:1..221:ncRNA:snopy:Danio_rerio300147,1,7955,1139400790
12,162,162,URS00006EBFC0,1,Y,2017-10-13 16:01:48.902955,rnacen,LT800808.1:1..221:ncRNA:snopy:Danio_rerio300148,1,7955,1139400791
12,162,162,URS00006C4D1C,1,Y,2017-10-13 16:02:10.641391,rnacen,LT800809.1:1..136:ncRNA:snopy:Danio_rerio300149,1,7955,1139400792
12,162,162,URS0000724296,1,Y,2017-10-13 16:02:25.306783,rnacen,LT800810.1:1..68:ncRNA:snopy:Danio_rerio300150,1,7955,1139400793
12,162,162,URS0000682614,1,Y,2017-10-13 16:02:34.899108,rnacen,LT800811.1:1..76:ncRNA:snopy:Danio_rerio300152,1,7955,1139400794
12,162,162,URS0000693ABF,1,Y,2017-10-13 16:02:09.032761,rnacen,LT800812.1:1..77:ncRNA:snopy:Danio_rerio300153,1,7955,1139400795
12,162,162,URS00006E33BB,1,Y,2017-10-13 16:01:43.454494,rnacen,LT800813.1:1..77:ncRNA:snopy:Danio_rerio300154,1,7955,1139400796
12,162,162,URS00006815C7,1,Y,2017-10-13 16:02:29.595425,rnacen,LT800814.1:1..77:ncRNA:snopy:Danio_rerio300155,1,7955,1139400797
12,162,162,URS0000685B28,1,Y,2017-10-13 16:02:40.283527,rnacen,LT800815.1:1..68:ncRNA:snopy:Danio_rerio300156,1,7955,1139400798
12,162,162,URS00006404C6,1,Y,2017-10-13 16:01:42.477634,rnacen,LT800816.1:1..131:ncRNA:snopy:Danio_rerio300157,1,7955,1139400799
12,162,162,URS00006C59A3,1,Y,2017-10-13 16:02:24.474819,rnacen,LT800817.1:1..124:ncRNA:snopy:Danio_rerio300158,1,7955,1139400800
12,162,162,URS00006D144B,1,Y,2017-10-13 16:02:29.152214,rnacen,LT800818.1:1..138:ncRNA:snopy:Danio_rerio300163,1,7955,1139400801
12,162,162,URS00006A6240,1,Y,2017-10-13 16:02:26.519881,rnacen,LT800819.1:1..85:ncRNA:snopy:Danio_rerio300164,1,7955,1139400802
12,162,162,URS0000B3ABAC,1,Y,2017-10-13 16:02:45.791854,rnacen,LT800820.1:1..66:ncRNA:snopy:Danio_rerio300166,1,7955,1139400803
12,162,162,URS00006E354B,1,Y,2017-10-13 16:01:38.772896,rnacen,LT800821.1:1..134:ncRNA:snopy:Danio_rerio300167,1,7955,1139400804
12,162,162,URS00006D0E77,1,Y,2017-10-13 16:02:26.968724,rnacen,LT800822.1:1..134:ncRNA:snopy:Danio_rerio300168,1,7955,1139400805
12,162,162,URS0000646CFC,1,Y,2017-10-13 16:01:40.000056,rnacen,LT800823.1:1..127:ncRNA:snopy:Danio_rerio300169,1,7955,1139400806
12,162,162,URS00006B55B3,1,Y,2017-10-13 16:01:39.905335,rnacen,LT800824.1:1..82:ncRNA:snopy:Danio_rerio300170,1,7955,1139400807
12,162,162,URS000062A71F,1,Y,2017-10-13 16:02:15.746137,rnacen,LT800825.1:1..77:ncRNA:snopy:Danio_rerio300171,1,7955,1139400808
12,162,162,URS0000A8F228,1,Y,2017-10-13 16:02:03.149948,rnacen,LT800826.1:1..137:ncRNA:snopy:Danio_rerio300172,1,7955,1139400809
12,162,162,URS0000A9BF81,1,Y,2017-10-13 16:02:21.375237,rnacen,LT800827.1:1..137:ncRNA:snopy:Danio_rerio300173,1,7955,1139400810
12,162,162,URS0000657202,1,Y,2017-10-13 16:02:11.463084,rnacen,LT800828.1:1..78:ncRNA:snopy:Danio_rerio300174,1,7955,1139400811
12,162,162,URS0000693597,1,Y,2017-10-13 16:01:56.380853,rnacen,LT800829.1:1..79:ncRNA:snopy:Danio_rerio300175,1,7955,1139400812
12,162,162,URS0000B676E8,1,Y,2017-10-13 16:02:45.701496,rnacen,LT800830.1:1..68:ncRNA:snopy:Danio_rerio300176,1,7955,1139400813
12,162,162,URS000068843D,1,Y,2017-10-13 16:01:44.306264,rnacen,LT800831.1:1..217:ncRNA:snopy:Danio_rerio300182,1,7955,1139400814
12,162,162,URS00006CA046,1,Y,2017-10-13 16:01:36.715108,rnacen,LT800832.1:1..138:ncRNA:snopy:Danio_rerio300183,1,7955,1139400815
12,162,162,URS00006C16CE,1,Y,2017-10-13 16:02:25.752830,rnacen,LT800833.1:1..131:ncRNA:snopy:Danio_rerio300184,1,7955,1139400816
12,162,162,URS000063199F,1,Y,2017-10-13 16:02:19.969645,rnacen,LT800834.1:1..134:ncRNA:snopy:Danio_rerio300185,1,7955,1139400817
12,162,162,URS000062749F,1,Y,2017-10-13 16:02:36.605644,rnacen,LT800835.1:1..72:ncRNA:snopy:Danio_rerio300186,1,7955,1139400818
12,162,162,URS00006AA959,1,Y,2017-10-13 16:02:10.620305,rnacen,LT800836.1:1..88:ncRNA:snopy:Danio_rerio300187,1,7955,1139400819
12,162,162,URS000067BC27,1,Y,2017-10-13 16:01:58.393617,rnacen,LT800837.1:1..61:ncRNA:snopy:Danio_rerio300188,1,7955,1139400820
12,162,162,URS00006E8BC4,1,Y,2017-10-13 16:02:18.708271,rnacen,LT800838.1:1..106:ncRNA:snopy:Danio_rerio300189,1,7955,1139400821
12,162,162,URS000072302E,1,Y,2017-10-13 16:02:31.839092,rnacen,LT800839.1:1..133:ncRNA:snopy:Danio_rerio300190,1,7955,1139400822
12,162,162,URS0000A85B41,1,Y,2017-10-13 16:01:53.881099,rnacen,LT800840.1:1..134:ncRNA:snopy:Danio_rerio300191,1,7955,1139400823
12,162,162,URS000067237A,1,Y,2017-10-13 16:02:42.924033,rnacen,LT800841.1:1..294:ncRNA:snopy:Danio_rerio300192,1,7955,1139400824
12,162,162,URS00006EB701,1,Y,2017-10-13 16:01:47.455736,rnacen,LT800842.1:1..309:ncRNA:snopy:Danio_rerio300193,1,7955,1139400825
12,162,162,URS0000625B42,1,Y,2017-10-13 16:01:50.945789,rnacen,LT800843.1:1..321:ncRNA:snopy:Danio_rerio300194,1,7955,1139400826
12,162,162,URS0000697F18,1,Y,2017-10-13 16:01:44.937321,rnacen,LT800844.1:1..71:ncRNA:snopy:Danio_rerio300195,1,7955,1139400827
12,162,162,URS00006924EA,1,Y,2017-10-13 16:01:39.921721,rnacen,LT800845.1:1..71:ncRNA:snopy:Danio_rerio300196,1,7955,1139400828
12,162,162,URS00006A27E1,1,Y,2017-10-13 16:02:00.318714,rnacen,LT800846.1:1..179:ncRNA:snopy:Danio_rerio300197,1,7955,1139400829
12,162,162,URS000065B865,1,Y,2017-10-13 16:02:14.768772,rnacen,LT800847.1:1..190:ncRNA:snopy:Danio_rerio300198,1,7955,1139400830
12,162,162,URS00006B4742,1,Y,2017-10-13 16:02:38.142588,rnacen,LT800848.1:1..72:ncRNA:snopy:Danio_rerio300199,1,7955,1139400831
12,162,162,URS00006D4EDF,1,Y,2017-10-13 16:02:33.165570,rnacen,LT800849.1:1..136:ncRNA:snopy:Danio_rerio300200,1,7955,1139400832
12,162,162,URS00006B52F5,1,Y,2017-10-13 16:02:40.011048,rnacen,LT800850.1:1..130:ncRNA:snopy:Danio_rerio300201,1,7955,1139400833
12,162,162,URS0000698FBD,1,Y,2017-10-13 16:02:16.002019,rnacen,LT800851.1:1..98:ncRNA:snopy:Danio_rerio300202,1,7955,1139400834
12,162,162,URS00006E9C1A,1,Y,2017-10-13 16:02:20.498437,rnacen,LT800852.1:1..198:ncRNA:snopy:Danio_rerio300203,1,7955,1139400835
12,162,162,URS00009304AD,1,Y,2017-10-13 16:02:16.985045,rnacen,LT800853.1:1..135:ncRNA:snopy:Danio_rerio300204,1,7955,1139400836
12,162,162,URS0000AA7DEB,1,Y,2017-10-13 16:01:50.384747,rnacen,LT800854.1:1..136:ncRNA:snopy:Danio_rerio300205,1,7955,1139400837
12,162,162,URS00006F904E,1,Y,2017-10-13 16:02:13.329925,rnacen,LT800855.1:1..137:ncRNA:snopy:Danio_rerio300206,1,7955,1139400838
12,162,162,URS00006CF6E8,1,Y,2017-10-13 16:02:07.686469,rnacen,LT800856.1:1..137:ncRNA:snopy:Danio_rerio300207,1,7955,1139400839
12,162,162,URS0000A95277,1,Y,2017-10-13 16:01:44.297299,rnacen,LT800857.1:1..56:ncRNA:snopy:Danio_rerio300208,1,7955,1139400840
12,162,162,URS0000AA8B86,1,Y,2017-10-13 16:02:02.598493,rnacen,LT800858.1:1..129:ncRNA:snopy:Danio_rerio300209,1,7955,1139400841
12,162,162,URS000070D5F2,1,Y,2017-10-13 16:02:27.078714,rnacen,LT800859.1:1..127:ncRNA:snopy:Danio_rerio300210,1,7955,1139400842
12,162,162,URS00006548A7,1,Y,2017-10-13 16:02:30.961195,rnacen,LT800860.1:1..127:ncRNA:snopy:Danio_rerio300211,1,7955,1139400843
12,162,162,URS0000AAF4F6,1,Y,2017-10-13 16:02:21.936930,rnacen,LT800861.1:1..134:ncRNA:snopy:Danio_rerio300212,1,7955,1139400844
12,162,162,URS0000703E8A,1,Y,2017-10-13 16:02:23.151977,rnacen,LT800862.1:1..135:ncRNA:snopy:Danio_rerio300213,1,7955,1139400845
12,162,162,URS0000A8AB16,1,Y,2017-10-13 16:02:12.401632,rnacen,LT800863.1:1..124:ncRNA:snopy:Danio_rerio300214,1,7955,1139400846
12,162,162,URS0000A8849D,1,Y,2017-10-13 16:01:47.178202,rnacen,LT800864.1:1..97:ncRNA:snopy:Danio_rerio300215,1,7955,1139400847
12,162,162,URS000063C857,1,Y,2017-10-13 16:02:09.187500,rnacen,LT800865.1:1..139:ncRNA:snopy:Danio_rerio300216,1,7955,1139400848
12,162,162,URS00006B63F4,1,Y,2017-10-13 16:02:02.782143,rnacen,LT800866.1:1..142:ncRNA:snopy:Danio_rerio300217,1,7955,1139400849
12,162,162,URS000072A4AA,1,Y,2017-10-13 16:02:25.553410,rnacen,LT800867.1:1..85:ncRNA:snopy:Danio_rerio300218,1,7955,1139400850
12,162,162,URS000068ED9B,1,Y,2017-10-13 16:02:42.092796,rnacen,LT800868.1:1..84:ncRNA:snopy:Danio_rerio300219,1,7955,1139400851
12,162,162,URS000065B39C,1,Y,2017-10-13 16:01:52.321517,rnacen,LT800869.1:1..91:ncRNA:snopy:Danio_rerio300220,1,7955,1139400852
12,162,162,URS00006505D4,1,Y,2017-10-13 16:01:52.936108,rnacen,LT800870.1:1..104:ncRNA:snopy:Danio_rerio300221,1,7955,1139400853
12,162,162,URS00006FA9B1,1,Y,2017-10-13 16:02:26.600976,rnacen,LT800871.1:1..115:ncRNA:snopy:Danio_rerio300222,1,7955,1139400854
12,162,162,URS00006F4B0A,1,Y,2017-10-13 16:01:41.902332,rnacen,LT800872.1:1..111:ncRNA:snopy:Danio_rerio300223,1,7955,1139400855
12,162,162,URS0000712F21,1,Y,2017-10-13 16:02:14.009692,rnacen,LT800873.1:1..65:ncRNA:snopy:Danio_rerio300224,1,7955,1139400856
12,162,162,URS0000682C1E,1,Y,2017-10-13 16:02:41.281930,rnacen,LT800874.1:1..74:ncRNA:snopy:Danio_rerio300225,1,7955,1139400857
12,162,162,URS0000641326,1,Y,2017-10-13 16:02:17.448920,rnacen,LT800875.1:1..139:ncRNA:snopy:Danio_rerio300226,1,7955,1139400858
12,162,162,URS000070DC51,1,Y,2017-10-13 16:01:43.879153,rnacen,LT800876.1:1..128:ncRNA:snopy:Danio_rerio300227,1,7955,1139400859
12,162,162,URS0000655E75,1,Y,2017-10-13 16:02:16.920013,rnacen,LT800877.1:1..83:ncRNA:snopy:Danio_rerio300229,1,7955,1139400860
12,162,162,URS0000AA5C91,1,Y,2017-10-13 16:01:36.839304,rnacen,LT800878.1:1..127:ncRNA:snopy:Danio_rerio300230,1,7955,1139400861
12,162,162,URS00006EBDDF,1,Y,2017-10-13 16:02:08.625517,rnacen,LT800879.1:1..82:ncRNA:snopy:Danio_rerio300232,1,7955,1139400862
12,162,162,URS000066D35C,1,Y,2017-10-13 16:02:07.286272,rnacen,LT800880.1:1..83:ncRNA:snopy:Danio_rerio300233,1,7955,1139400863
12,162,162,URS00006240A6,1,Y,2017-10-13 16:02:37.387287,rnacen,LT800881.1:1..127:ncRNA:snopy:Danio_rerio300234,1,7955,1139400864
12,162,162,URS00006C36E4,1,Y,2017-10-13 16:02:25.527478,rnacen,LT800882.1:1..127:ncRNA:snopy:Danio_rerio300235,1,7955,1139400865
12,162,162,URS0000646D97,1,Y,2017-10-13 16:02:03.175884,rnacen,LT800883.1:1..130:ncRNA:snopy:Danio_rerio300236,1,7955,1139400866
12,162,162,URS0000684502,1,Y,2017-10-13 16:02:34.649867,rnacen,LT800884.1:1..131:ncRNA:snopy:Danio_rerio300237,1,7955,1139400867
12,162,162,URS0000AAEC6B,1,Y,2017-10-13 16:02:11.955329,rnacen,LT800885.1:1..90:ncRNA:snopy:Danio_rerio300238,1,7955,1139400868
12,162,162,URS00006A986D,1,Y,2017-10-13 16:02:23.477780,rnacen,LT800886.1:1..135:ncRNA:snopy:Danio_rerio300239,1,7955,1139400869
12,162,162,URS00006A0497,1,Y,2017-10-13 16:01:35.959228,rnacen,LT800887.1:1..133:ncRNA:snopy:Danio_rerio300240,1,7955,1139400870
12,162,162,URS000063C799,1,Y,2017-10-13 16:02:31.503573,rnacen,LT800888.1:1..133:ncRNA:snopy:Danio_rerio300241,1,7955,1139400871
12,162,162,URS000062D6E0,1,Y,2017-10-13 16:01:40.282402,rnacen,LT800889.1:1..216:ncRNA:snopy:Danio_rerio300242,1,7955,1139400872
12,162,162,URS00006D7913,1,Y,2017-10-13 16:01:45.791934,rnacen,LT800890.1:1..216:ncRNA:snopy:Danio_rerio300243,1,7955,1139400873
12,162,162,URS0000708BF0,1,Y,2017-10-13 16:02:26.140959,rnacen,LT800891.1:1..216:ncRNA:snopy:Danio_rerio300244,1,7955,1139400874
12,162,162,URS0000708BF0,1,Y,2017-10-13 16:02:26.140980,rnacen,LT800892.1:1..216:ncRNA:snopy:Danio_rerio300245,1,7955,1139400875
12,162,162,URS00006E0434,1,Y,2017-10-13 16:02:16.202088,rnacen,LT800893.1:1..198:ncRNA:snopy:Danio_rerio300246,1,7955,1139400876
12,162,162,URS000063EEA3,1,Y,2017-10-13 16:02:11.152444,rnacen,LT800894.1:1..138:ncRNA:snopy:Danio_rerio300247,1,7955,1139400877
12,162,162,URS0000641EA4,1,Y,2017-10-13 16:02:19.748200,rnacen,LT800895.1:1..156:ncRNA:snopy:Danio_rerio300248,1,7955,1139400878
12,162,162,URS000071E194,1,Y,2017-10-13 16:02:15.272729,rnacen,LT800896.1:1..63:ncRNA:snopy:Danio_rerio300249,1,7955,1139400879
12,162,162,URS00006D7462,1,Y,2017-10-13 16:01:42.582734,rnacen,LT800897.1:1..78:ncRNA:snopy:Danio_rerio300250,1,7955,1139400880
12,162,162,URS0000A93B66,1,Y,2017-10-13 16:02:34.680089,rnacen,LT800898.1:1..62:ncRNA:snopy:Danio_rerio300251,1,7955,1139400881
12,162,162,URS00006F5E4E,1,Y,2017-10-13 16:01:36.899501,rnacen,LT800899.1:1..140:ncRNA:snopy:Danio_rerio300253,1,7955,1139400882
12,162,162,URS000063CD6C,1,Y,2017-10-13 16:02:22.618743,rnacen,LT800900.1:1..142:ncRNA:snopy:Danio_rerio300254,1,7955,1139400883
12,162,162,URS000071F254,1,Y,2017-10-13 16:02:01.413583,rnacen,LT800901.1:1..82:ncRNA:snopy:Danio_rerio300255,1,7955,1139400884
12,162,162,URS00006C5787,1,Y,2017-10-13 16:02:34.022681,rnacen,LT800902.1:1..82:ncRNA:snopy:Danio_rerio300256,1,7955,1139400885
12,162,162,URS0000625BC8,1,Y,2017-10-13 16:02:29.521502,rnacen,LT800903.1:1..82:ncRNA:snopy:Danio_rerio300257,1,7955,1139400886
12,162,162,URS000068CE8B,1,Y,2017-10-13 16:01:56.591164,rnacen,LT800904.1:1..82:ncRNA:snopy:Danio_rerio300258,1,7955,1139400887
12,162,162,URS000068C093,1,Y,2017-10-13 16:02:42.081162,rnacen,LT800905.1:1..83:ncRNA:snopy:Danio_rerio300259,1,7955,1139400888
12,162,162,URS00006F50F2,1,Y,2017-10-13 16:02:18.151501,rnacen,LT800906.1:1..184:ncRNA:snopy:Danio_rerio300260,1,7955,1139400889
12,162,162,URS000070C9F9,1,Y,2017-10-13 16:01:33.358681,rnacen,LT800907.1:1..131:ncRNA:snopy:Danio_rerio300261,1,7955,1139400890
12,162,162,URS00007095BB,1,Y,2017-10-13 16:02:28.616973,rnacen,LT800908.1:1..145:ncRNA:snopy:Danio_rerio300262,1,7955,1139400891
12,162,162,URS0000663EC1,1,Y,2017-10-13 16:02:15.099929,rnacen,LT800909.1:1..136:ncRNA:snopy:Danio_rerio300263,1,7955,1139400892
12,162,162,URS00007061E9,1,Y,2017-10-13 16:01:38.508555,rnacen,LT800910.1:1..135:ncRNA:snopy:Danio_rerio300264,1,7955,1139400893
12,162,162,URS00006367FE,1,Y,2017-10-13 16:01:46.891027,rnacen,LT800911.1:1..136:ncRNA:snopy:Danio_rerio300265,1,7955,1139400894
12,162,162,URS00006BB1C9,1,Y,2017-10-13 16:02:15.662500,rnacen,LT800912.1:1..132:ncRNA:snopy:Danio_rerio300266,1,7955,1139400895
12,162,162,URS00006EB1B0,1,Y,2017-10-13 16:01:41.981014,rnacen,LT800913.1:1..132:ncRNA:snopy:Danio_rerio300267,1,7955,1139400896
12,162,162,URS0000A8BD89,1,Y,2017-10-13 16:02:09.307471,rnacen,LT800914.1:1..67:ncRNA:snopy:Danio_rerio300268,1,7955,1139400897
12,162,162,URS0000A8D1B3,1,Y,2017-10-13 16:02:22.126764,rnacen,LT800915.1:1..67:ncRNA:snopy:Danio_rerio300269,1,7955,1139400898
12,162,162,URS0000A86934,1,Y,2017-10-13 16:01:43.966632,rnacen,LT800916.1:1..67:ncRNA:snopy:Danio_rerio300270,1,7955,1139400899
12,162,162,URS0000A8D1BA,1,Y,2017-10-13 16:02:15.028141,rnacen,LT800917.1:1..67:ncRNA:snopy:Danio_rerio300271,1,7955,1139400900
12,162,162,URS0000A7A845,1,Y,2017-10-13 16:01:57.064760,rnacen,LT800918.1:1..67:ncRNA:snopy:Danio_rerio300272,1,7955,1139400901
12,162,162,URS00007072D0,1,Y,2017-10-13 16:02:27.851474,rnacen,LT800919.1:1..136:ncRNA:snopy:Danio_rerio300273,1,7955,1139400902
12,162,162,URS000062CF55,1,Y,2017-10-13 16:02:13.115785,rnacen,LT800920.1:1..136:ncRNA:snopy:Danio_rerio300274,1,7955,1139400903
12,162,162,URS0000625370,1,Y,2017-10-13 16:01:49.543756,rnacen,LT800921.1:1..142:ncRNA:snopy:Danio_rerio300275,1,7955,1139400904
12,162,162,URS00006EA75F,1,Y,2017-10-13 16:01:55.573281,rnacen,LT800922.1:1..139:ncRNA:snopy:Danio_rerio300276,1,7955,1139400905
12,162,162,URS00006775AE,1,Y,2017-10-13 16:02:38.012313,rnacen,LT800923.1:1..122:ncRNA:snopy:Danio_rerio300277,1,7955,1139400906
12,162,162,URS0000724A4F,1,Y,2017-10-13 16:02:27.143602,rnacen,LT800924.1:1..122:ncRNA:snopy:Danio_rerio300278,1,7955,1139400907
12,162,162,URS00006C4D1C,1,Y,2017-10-13 16:02:10.641402,rnacen,LT800925.1:1..136:ncRNA:snopy:Danio_rerio300279,1,7955,1139400908
12,162,162,URS0000A8DF43,1,Y,2017-10-13 16:01:41.730250,rnacen,LT800926.1:1..129:ncRNA:snopy:Danio_rerio300280,1,7955,1139400909
12,162,162,URS0000674B45,1,Y,2017-10-13 16:01:39.545790,rnacen,LT800927.1:1..67:ncRNA:snopy:Danio_rerio300281,1,7955,1139400910
12,162,162,URS000071A181,1,Y,2017-10-13 16:01:54.116824,rnacen,LT800928.1:1..75:ncRNA:snopy:Danio_rerio300282,1,7955,1139400911
12,162,162,URS000065A26A,1,Y,2017-10-13 16:02:42.545897,rnacen,LT800929.1:1..75:ncRNA:snopy:Danio_rerio300283,1,7955,1139400912
12,162,162,URS00006F54CC,1,Y,2017-10-13 16:02:34.128876,rnacen,LT800930.1:1..137:ncRNA:snopy:Danio_rerio300284,1,7955,1139400913
12,162,162,URS0000A8BD10,1,Y,2017-10-13 16:02:19.453518,rnacen,LT800931.1:1..133:ncRNA:snopy:Danio_rerio300285,1,7955,1139400914
12,162,162,URS00006D9B80,1,Y,2017-10-13 16:01:48.741469,rnacen,LT800932.1:1..138:ncRNA:snopy:Danio_rerio300286,1,7955,1139400915
12,162,162,URS0000A7DD2D,1,Y,2017-10-13 16:02:31.567465,rnacen,LT800933.1:1..57:ncRNA:snopy:Danio_rerio300287,1,7955,1139400916
12,162,162,URS0000AAD7F8,1,Y,2017-10-13 16:02:18.592415,rnacen,LT800934.1:1..130:ncRNA:snopy:Danio_rerio300288,1,7955,1139400917
12,162,162,URS0000A8084A,1,Y,2017-10-13 16:02:24.844677,rnacen,LT800935.1:1..139:ncRNA:snopy:Danio_rerio300289,1,7955,1139400918
12,162,162,URS00006B3300,1,Y,2017-10-13 16:02:02.101917,rnacen,LT800936.1:1..76:ncRNA:snopy:Danio_rerio300290,1,7955,1139400919
12,162,162,URS0000A8CAFC,1,Y,2017-10-13 16:02:29.519447,rnacen,LT800937.1:1..92:ncRNA:snopy:Danio_rerio300291,1,7955,1139400920
12,162,162,URS000064502B,1,Y,2017-10-13 16:01:43.860644,rnacen,LT800938.1:1..125:ncRNA:snopy:Danio_rerio300292,1,7955,1139400921
12,162,162,URS00006A22AC,1,Y,2017-10-13 16:02:03.940194,rnacen,LT800939.1:1..125:ncRNA:snopy:Danio_rerio300293,1,7955,1139400922
12,162,162,URS00006EB747,1,Y,2017-10-13 16:02:04.194512,rnacen,LT800940.1:1..227:ncRNA:snopy:Danio_rerio300294,1,7955,1139400923
12,162,162,URS00006E463C,1,Y,2017-10-13 16:02:16.868768,rnacen,LT800941.1:1..227:ncRNA:snopy:Danio_rerio300295,1,7955,1139400924
12,162,162,URS0000BBD693,1,Y,2017-10-13 16:02:45.503909,rnacen,LT800942.1:1..70:ncRNA:snopy:Danio_rerio300296,1,7955,1139400925
12,162,162,URS00006D06B6,1,Y,2017-10-13 16:02:12.670391,rnacen,LT800943.1:1..216:ncRNA:snopy:Danio_rerio300297,1,7955,1139400926
12,162,162,URS0000694CE4,1,Y,2017-10-13 16:02:17.767264,rnacen,LT800944.1:1..216:ncRNA:snopy:Danio_rerio300298,1,7955,1139400927
12,162,162,URS000062B416,1,Y,2017-10-13 16:01:41.490581,rnacen,LT800945.1:1..216:ncRNA:snopy:Danio_rerio300299,1,7955,1139400928
12,48,162,URS00007161A1,1,Y,2015-10-19 22:12:25.000000,RNACEN,LN872188.1:1..130:ncRNA:snopy:Mus_musculus300000,1,10090,1139400929
12,48,162,URS00006B3959,1,Y,2015-10-19 22:12:25.000000,RNACEN,LN872518.1:1..130:ncRNA:snopy:Mus_musculus300001,1,10090,1139400930
12,48,162,URS0000714888,1,Y,2015-10-19 22:12:25.000000,RNACEN,LN872156.1:1..127:ncRNA:snopy:Mus_musculus300002,1,10090,1139400931
12,48,162,URS00006A7993,1,Y,2015-10-19 22:12:25.000000,RNACEN,LN872031.1:1..129:ncRNA:snopy:Mus_musculus300003,1,10090,1139400932
12,48,162,URS0000706354,1,Y,2015-10-19 22:12:25.000000,RNACEN,LN872590.1:1..210:ncRNA:snopy:Mus_musculus300004,1,10090,1139400933
12,48,162,URS00008508E0,1,Y,2015-10-19 22:12:25.000000,RNACEN,LN872315.1:1..132:ncRNA:snopy:Mus_musculus300005,1,10090,1139400934
12,48,162,URS00006F4C22,1,Y,2015-10-19 22:12:25.000000,RNACEN,LN872905.1:1..86:ncRNA:snopy:Mus_musculus300006,1,10090,1139400935
12,48,162,URS00006AFFEB,1,Y,2015-10-19 22:12:25.000000,RNACEN,LN872825.1:1..109:ncRNA:snopy:Mus_musculus300008,1,10090,1139400936
12,48,162,URS00006CFF29,1,Y,2015-10-19 22:12:25.000000,RNACEN,LN872173.1:1..132:ncRNA:snopy:Mus_musculus300009,1,10090,1139400937
12,48,162,URS00006B42DB,1,Y,2015-10-19 22:12:25.000000,RNACEN,LN872136.1:1..132:ncRNA:snopy:Mus_musculus300010,1,10090,1139400938
12,48,162,URS00006AD7D5,1,Y,2015-10-19 22:12:25.000000,RNACEN,LN872297.1:1..136:ncRNA:snopy:Mus_musculus300011,1,10090,1139400939
12,48,162,URS000064AD96,1,Y,2015-10-19 22:12:25.000000,RNACEN,LN872204.1:1..129:ncRNA:snopy:Mus_musculus300012,1,10090,1139400940
12,48,162,URS000072983E,1,Y,2015-10-19 22:12:25.000000,RNACEN,LN872600.1:1..130:ncRNA:snopy:Mus_musculus300013,1,10090,1139400941
12,48,162,URS00006D9130,1,Y,2015-10-19 22:12:25.000000,RNACEN,LN872242.1:1..137:ncRNA:snopy:Mus_musculus300014,1,10090,1139400942
12,48,162,URS000062894C,1,Y,2015-10-19 22:12:25.000000,RNACEN,LN871981.1:1..133:ncRNA:snopy:Mus_musculus300015,1,10090,1139400943
12,48,162,URS000083C8ED,1,Y,2015-10-19 22:12:25.000000,RNACEN,LN872476.1:1..119:ncRNA:snopy:Mus_musculus300016,1,10090,1139400944
12,48,162,URS000071C312,1,Y,2015-10-19 22:12:25.000000,RNACEN,LN872069.1:1..128:ncRNA:snopy:Mus_musculus300017,1,10090,1139400945
12,48,162,URS000071FB00,1,Y,2015-10-19 22:12:25.000000,RNACEN,LN872127.1:1..131:ncRNA:snopy:Mus_musculus300018,1,10090,1139400946
12,48,162,URS00006EF2DA,1,Y,2015-10-19 22:12:25.000000,RNACEN,LN872371.1:1..133:ncRNA:snopy:Mus_musculus300019,1,10090,1139400947
12,48,162,URS00006C4F23,1,Y,2015-10-19 22:12:25.000000,RNACEN,LN872455.1:1..139:ncRNA:snopy:Mus_musculus300020,1,10090,1139400948
12,48,162,URS000071B7F7,1,Y,2015-10-19 22:12:25.000000,RNACEN,LN872199.1:1..132:ncRNA:snopy:Mus_musculus300021,1,10090,1139400949
12,48,162,URS0000688D03,1,Y,2015-10-19 22:12:25.000000,RNACEN,LN872231.1:1..128:ncRNA:snopy:Mus_musculus300022,1,10090,1139400950
12,48,162,URS000066B3D2,1,Y,2015-10-19 22:12:25.000000,RNACEN,LN872346.1:1..135:ncRNA:snopy:Mus_musculus300023,1,10090,1139400951
12,48,162,URS0000686DA9,1,Y,2015-10-19 22:12:25.000000,RNACEN,LN872036.1:1..139:ncRNA:snopy:Mus_musculus300024,1,10090,1139400952
12,48,162,URS0000699064,1,Y,2015-10-19 22:12:25.000000,RNACEN,LN872459.1:1..129:ncRNA:snopy:Mus_musculus300025,1,10090,1139400953
12,48,162,URS00006A25D5,1,Y,2015-10-19 22:12:25.000000,RNACEN,LN872314.1:1..128:ncRNA:snopy:Mus_musculus300026,1,10090,1139400954
12,48,162,URS00006BBF71,1,Y,2015-10-19 22:12:25.000000,RNACEN,LN872248.1:1..125:ncRNA:snopy:Mus_musculus300027,1,10090,1139400955
12,48,162,URS000068EE36,1,Y,2015-10-19 22:12:25.000000,RNACEN,LN872169.1:1..130:ncRNA:snopy:Mus_musculus300028,1,10090,1139400956
12,48,162,URS0000680E45,1,Y,2015-10-19 22:12:25.000000,RNACEN,LN872201.1:1..136:ncRNA:snopy:Mus_musculus300029,1,10090,1139400957
12,48,162,URS00008645F5,1,Y,2015-10-19 22:12:25.000000,RNACEN,LN872122.1:1..128:ncRNA:snopy:Mus_musculus300030,1,10090,1139400958
12,48,162,URS000069F043,1,Y,2015-10-19 22:12:25.000000,RNACEN,LN872018.1:1..128:ncRNA:snopy:Mus_musculus300031,1,10090,1139400959
12,48,162,URS00006D904B,1,Y,2015-10-19 22:12:25.000000,RNACEN,LN872927.1:1..70:ncRNA:snopy:Mus_musculus300032,1,10090,1139400960
12,48,162,URS0000719157,1,Y,2015-10-19 22:12:25.000000,RNACEN,LN872604.1:1..133:ncRNA:snopy:Mus_musculus300033,1,10090,1139400961
12,48,162,URS00006A42EF,1,Y,2015-10-19 22:12:25.000000,RNACEN,LN872403.1:1..109:ncRNA:snopy:Mus_musculus300034,1,10090,1139400962
12,48,162,URS00006E702F,1,Y,2015-10-19 22:12:25.000000,RNACEN,LN872092.1:1..122:ncRNA:snopy:Mus_musculus300035,1,10090,1139400963
12,48,162,URS00006460BB,1,Y,2015-10-19 22:12:25.000000,RNACEN,LN871998.1:1..131:ncRNA:snopy:Mus_musculus300036,1,10090,1139400964
12,48,162,URS000083AEDC,1,Y,2015-10-19 22:12:25.000000,RNACEN,LN872063.1:1..132:ncRNA:snopy:Mus_musculus300037,1,10090,1139400965
12,48,162,URS000063C273,1,Y,2015-10-19 22:12:25.000000,RNACEN,LN872197.1:1..140:ncRNA:snopy:Mus_musculus300038,1,10090,1139400966
12,48,162,URS00006E89E3,1,Y,2015-10-19 22:12:25.000000,RNACEN,LN872239.1:1..132:ncRNA:snopy:Mus_musculus300039,1,10090,1139400967
12,48,162,URS0000846207,1,Y,2015-10-19 22:12:25.000000,RNACEN,LN872125.1:1..127:ncRNA:snopy:Mus_musculus300040,1,10090,1139400968
12,48,162,URS000069AF98,1,Y,2015-10-19 22:12:25.000000,RNACEN,LN872217.1:1..132:ncRNA:snopy:Mus_musculus300041,1,10090,1139400969
12,48,162,URS00006A647D,1,Y,2015-10-19 22:12:25.000000,RNACEN,LN872211.1:1..129:ncRNA:snopy:Mus_musculus300042,1,10090,1139400970
12,48,162,URS0000663086,1,Y,2015-10-19 22:12:25.000000,RNACEN,LN872291.1:1..126:ncRNA:snopy:Mus_musculus300043,1,10090,1139400971
12,48,162,URS0000865541,1,Y,2015-10-19 22:12:25.000000,RNACEN,LN872347.1:1..128:ncRNA:snopy:Mus_musculus300044,1,10090,1139400972
12,48,162,URS000072A15D,1,Y,2015-10-19 22:12:25.000000,RNACEN,LN872461.1:1..129:ncRNA:snopy:Mus_musculus300045,1,10090,1139400973
12,48,162,URS00006E80CD,1,Y,2015-10-19 22:12:25.000000,RNACEN,LN872020.1:1..131:ncRNA:snopy:Mus_musculus300046,1,10090,1139400974
12,48,162,URS00006891EB,1,Y,2015-10-19 22:12:25.000000,RNACEN,LN872112.1:1..135:ncRNA:snopy:Mus_musculus300047,1,10090,1139400975
12,48,162,URS00006CE7A9,1,Y,2015-10-19 22:12:25.000000,RNACEN,LN872022.1:1..129:ncRNA:snopy:Mus_musculus300048,1,10090,1139400976
12,48,162,URS0000646CF2,1,Y,2015-10-19 22:12:25.000000,RNACEN,LN872552.1:1..135:ncRNA:snopy:Mus_musculus300049,1,10090,1139400977
12,48,162,URS0000843916,1,Y,2015-10-19 22:12:25.000000,RNACEN,LN872382.1:1..143:ncRNA:snopy:Mus_musculus300050,1,10090,1139400978
12,48,162,URS00006D37FC,1,Y,2015-10-19 22:12:25.000000,RNACEN,LN872076.1:1..130:ncRNA:snopy:Mus_musculus300051,1,10090,1139400979
12,48,162,URS000063EB44,1,Y,2015-10-19 22:12:25.000000,RNACEN,LN872458.1:1..129:ncRNA:snopy:Mus_musculus300052,1,10090,1139400980
12,48,162,URS000066C96D,1,Y,2015-10-19 22:12:25.000000,RNACEN,LN872268.1:1..130:ncRNA:snopy:Mus_musculus300053,1,10090,1139400981
12,48,162,URS0000699500,1,Y,2015-10-19 22:12:25.000000,RNACEN,LN872121.1:1..129:ncRNA:snopy:Mus_musculus300054,1,10090,1139400982
12,48,162,URS000072B52D,1,Y,2015-10-19 22:12:25.000000,RNACEN,LN872784.1:1..94:ncRNA:snopy:Mus_musculus300055,1,10090,1139400983
12,48,162,URS000072B52D,1,Y,2015-10-19 22:12:25.000000,RNACEN,LN872785.1:1..94:ncRNA:snopy:Mus_musculus300056,1,10090,1139400984
12,48,162,URS0000633AD5,1,Y,2015-10-19 22:12:25.000000,RNACEN,LN872786.1:1..94:ncRNA:snopy:Mus_musculus300057,1,10090,1139400985
12,48,162,URS000072B52D,1,Y,2015-10-19 22:12:25.000000,RNACEN,LN872787.1:1..94:ncRNA:snopy:Mus_musculus300058,1,10090,1139400986
12,48,162,URS000072B52D,1,Y,2015-10-19 22:12:25.000000,RNACEN,LN872788.1:1..94:ncRNA:snopy:Mus_musculus300059,1,10090,1139400987
12,48,162,URS0000645CB0,1,Y,2015-10-19 22:12:25.000000,RNACEN,LN872789.1:1..94:ncRNA:snopy:Mus_musculus300060,1,10090,1139400988
12,48,162,URS000072B52D,1,Y,2015-10-19 22:12:25.000000,RNACEN,LN872790.1:1..94:ncRNA:snopy:Mus_musculus300061,1,10090,1139400989
12,48,162,URS000072B52D,1,Y,2015-10-19 22:12:25.000000,RNACEN,LN872791.1:1..94:ncRNA:snopy:Mus_musculus300062,1,10090,1139400990
12,48,162,URS000072B52D,1,Y,2015-10-19 22:12:25.000000,RNACEN,LN872792.1:1..94:ncRNA:snopy:Mus_musculus300063,1,10090,1139400991
12,48,162,URS000072B52D,1,Y,2015-10-19 22:12:25.000000,RNACEN,LN872793.1:1..94:ncRNA:snopy:Mus_musculus300064,1,10090,1139400992
12,48,162,URS000072B52D,1,Y,2015-10-19 22:12:25.000000,RNACEN,LN872794.1:1..94:ncRNA:snopy:Mus_musculus300065,1,10090,1139400993
12,48,162,URS000072B52D,1,Y,2015-10-19 22:12:25.000000,RNACEN,LN872795.1:1..94:ncRNA:snopy:Mus_musculus300066,1,10090,1139400994
12,48,162,URS000072B52D,1,Y,2015-10-19 22:12:25.000000,RNACEN,LN872796.1:1..94:ncRNA:snopy:Mus_musculus300067,1,10090,1139400995
12,48,162,URS000072B52D,1,Y,2015-10-19 22:12:25.000000,RNACEN,LN872797.1:1..94:ncRNA:snopy:Mus_musculus300068,1,10090,1139400996
12,48,162,URS000072B52D,1,Y,2015-10-19 22:12:25.000000,RNACEN,LN872798.1:1..94:ncRNA:snopy:Mus_musculus300069,1,10090,1139400997
12,48,162,URS00006C6473,1,Y,2015-10-19 22:12:25.000000,RNACEN,LN872799.1:1..94:ncRNA:snopy:Mus_musculus300070,1,10090,1139400998
12,48,162,URS000072B52D,1,Y,2015-10-19 22:12:25.000000,RNACEN,LN872800.1:1..94:ncRNA:snopy:Mus_musculus300071,1,10090,1139400999
12,48,162,URS000072B52D,1,Y,2015-10-19 22:12:25.000000,RNACEN,LN872801.1:1..94:ncRNA:snopy:Mus_musculus300072,1,10090,1139401000
12,48,162,URS000063EDE4,1,Y,2015-10-19 22:12:25.000000,RNACEN,LN872802.1:1..94:ncRNA:snopy:Mus_musculus300073,1,10090,1139401001
12,48,162,URS000083E1BB,1,Y,2015-10-19 22:12:25.000000,RNACEN,LN872510.1:1..119:ncRNA:snopy:Mus_musculus300074,1,10090,1139401002
12,48,162,URS0000854D21,1,Y,2015-10-19 22:12:25.000000,RNACEN,LN872370.1:1..127:ncRNA:snopy:Mus_musculus300075,1,10090,1139401003
12,48,162,URS00006F196D,1,Y,2015-10-19 22:12:25.000000,RNACEN,LN872077.1:1..131:ncRNA:snopy:Mus_musculus300076,1,10090,1139401004
12,48,162,URS000065B704,1,Y,2015-10-19 22:12:25.000000,RNACEN,LN872288.1:1..134:ncRNA:snopy:Mus_musculus300077,1,10090,1139401005
12,48,162,URS0000852C1F,1,Y,2015-10-19 22:12:25.000000,RNACEN,LN872857.1:1..72:ncRNA:snopy:Mus_musculus300078,1,10090,1139401006
12,48,162,URS0000684B8D,1,Y,2015-10-19 22:12:25.000000,RNACEN,LN872858.1:1..72:ncRNA:snopy:Mus_musculus300079,1,10090,1139401007
12,48,162,URS000069C4FA,1,Y,2015-10-19 22:12:25.000000,RNACEN,LN872884.1:1..72:ncRNA:snopy:Mus_musculus300080,1,10090,1139401008
12,48,162,URS0000712AE2,1,Y,2015-10-19 22:12:25.000000,RNACEN,LN872049.1:1..126:ncRNA:snopy:Mus_musculus300081,1,10090,1139401009
12,48,162,URS000066C856,1,Y,2015-10-19 22:12:25.000000,RNACEN,LN872024.1:1..134:ncRNA:snopy:Mus_musculus300082,1,10090,1139401010
12,48,162,URS000065321F,1,Y,2015-10-19 22:12:25.000000,RNACEN,LN872777.1:1..94:ncRNA:snopy:Mus_musculus300083,1,10090,1139401011
12,48,162,URS000062EE5C,1,Y,2015-10-19 22:12:25.000000,RNACEN,LN872778.1:1..94:ncRNA:snopy:Mus_musculus300084,1,10090,1139401012
12,48,162,URS000072B52D,1,Y,2015-10-19 22:12:25.000000,RNACEN,LN872779.1:1..94:ncRNA:snopy:Mus_musculus300085,1,10090,1139401013
12,48,162,URS000062B611,1,Y,2015-10-19 22:12:25.000000,RNACEN,LN872780.1:1..94:ncRNA:snopy:Mus_musculus300086,1,10090,1139401014
12,48,162,URS000072B52D,1,Y,2015-10-19 22:12:25.000000,RNACEN,LN872781.1:1..94:ncRNA:snopy:Mus_musculus300087,1,10090,1139401015
12,48,162,URS0000664FF1,1,Y,2015-10-19 22:12:25.000000,RNACEN,LN872227.1:1..128:ncRNA:snopy:Mus_musculus300088,1,10090,1139401016
12,48,162,URS00006F5CC5,1,Y,2015-10-19 22:12:25.000000,RNACEN,LN872494.1:1..136:ncRNA:snopy:Mus_musculus300089,1,10090,1139401017
12,48,162,URS0000666798,1,Y,2015-10-19 22:12:25.000000,RNACEN,LN872289.1:1..132:ncRNA:snopy:Mus_musculus300090,1,10090,1139401018
12,48,162,URS000071ECDB,1,Y,2015-10-19 22:12:25.000000,RNACEN,LN872454.1:1..138:ncRNA:snopy:Mus_musculus300091,1,10090,1139401019
12,48,162,URS000062F0A6,1,Y,2015-10-19 22:12:25.000000,RNACEN,LN872060.1:1..135:ncRNA:snopy:Mus_musculus300093,1,10090,1139401020
12,48,162,URS00006E332E,1,Y,2015-10-19 22:12:25.000000,RNACEN,LN872275.1:1..123:ncRNA:snopy:Mus_musculus300094,1,10090,1139401021
12,48,162,URS00006BD8DE,1,Y,2015-10-19 22:12:25.000000,RNACEN,LN872435.1:1..123:ncRNA:snopy:Mus_musculus300095,1,10090,1139401022
12,48,162,URS00006B2AB6,1,Y,2015-10-19 22:12:25.000000,RNACEN,LN872336.1:1..131:ncRNA:snopy:Mus_musculus300096,1,10090,1139401023
12,48,162,URS000064A989,1,Y,2015-10-19 22:12:25.000000,RNACEN,LN872611.1:1..137:ncRNA:snopy:Mus_musculus300097,1,10090,1139401024
12,48,162,URS00006BE41F,1,Y,2015-10-19 22:12:25.000000,RNACEN,LN871972.1:1..133:ncRNA:snopy:Mus_musculus300098,1,10090,1139401025
12,48,162,URS0000640C4B,1,Y,2015-10-19 22:12:25.000000,RNACEN,LN872936.1:1..74:ncRNA:snopy:Mus_musculus300099,1,10090,1139401026
12,48,162,URS0000714E4A,1,Y,2015-10-19 22:12:25.000000,RNACEN,LN872404.1:1..100:ncRNA:snopy:Mus_musculus300100,1,10090,1139401027
12,48,162,URS0000667DC1,1,Y,2015-10-19 22:12:25.000000,RNACEN,LN872372.1:1..133:ncRNA:snopy:Mus_musculus300101,1,10090,1139401028
12,48,162,URS00006B783E,1,Y,2015-10-19 22:12:25.000000,RNACEN,LN872278.1:1..132:ncRNA:snopy:Mus_musculus300102,1,10090,1139401029
12,48,162,URS000063A132,1,Y,2015-10-19 22:12:25.000000,RNACEN,LN872243.1:1..132:ncRNA:snopy:Mus_musculus300103,1,10090,1139401030
12,48,162,URS00008615ED,1,Y,2015-10-19 22:12:25.000000,RNACEN,LN872591.1:1..198:ncRNA:snopy:Mus_musculus300104,1,10090,1139401031
12,48,162,URS0000651799,1,Y,2015-10-19 22:12:25.000000,RNACEN,LN872228.1:1..132:ncRNA:snopy:Mus_musculus300105,1,10090,1139401032
12,48,162,URS00006557FC,1,Y,2015-10-19 22:12:25.000000,RNACEN,LN872037.1:1..132:ncRNA:snopy:Mus_musculus300106,1,10090,1139401033
12,48,162,URS00006A8D64,1,Y,2015-10-19 22:12:25.000000,RNACEN,LN872434.1:1..128:ncRNA:snopy:Mus_musculus300107,1,10090,1139401034
12,48,162,URS00006E6F4C,1,Y,2015-10-19 22:12:25.000000,RNACEN,LN872844.1:1..65:ncRNA:snopy:Mus_musculus300108,1,10090,1139401035
12,48,162,URS00006FA968,1,Y,2015-10-19 22:12:25.000000,RNACEN,LN872233.1:1..127:ncRNA:snopy:Mus_musculus300109,1,10090,1139401036
12,48,162,URS00006FBAA2,1,Y,2015-10-19 22:12:25.000000,RNACEN,LN872862.1:1..72:ncRNA:snopy:Mus_musculus300110,1,10090,1139401037
12,48,162,URS0000704C31,1,Y,2015-10-19 22:12:25.000000,RNACEN,LN872107.1:1..131:ncRNA:snopy:Mus_musculus300111,1,10090,1139401038
12,48,162,URS000062474A,1,Y,2015-10-19 22:12:25.000000,RNACEN,LN872399.1:1..122:ncRNA:snopy:Mus_musculus300112,1,10090,1139401039
12,48,162,URS00006A99A0,1,Y,2015-10-19 22:12:25.000000,RNACEN,LN872101.1:1..132:ncRNA:snopy:Mus_musculus300113,1,10090,1139401040
12,48,162,URS000085CC4F,1,Y,2015-10-19 22:12:25.000000,RNACEN,LN872923.1:1..68:ncRNA:snopy:Mus_musculus300114,1,10090,1139401041
12,48,162,URS000063F661,1,Y,2015-10-19 22:12:25.000000,RNACEN,LN872544.1:1..135:ncRNA:snopy:Mus_musculus300115,1,10090,1139401042
12,48,162,URS00006957B7,1,Y,2015-10-19 22:12:25.000000,RNACEN,LN872638.1:1..79:ncRNA:snopy:Mus_musculus300116,1,10090,1139401043
12,48,162,URS000068D0E5,1,Y,2015-10-19 22:12:25.000000,RNACEN,LN872639.1:1..79:ncRNA:snopy:Mus_musculus300117,1,10090,1139401044
12,48,162,URS000072C949,1,Y,2015-10-19 22:12:25.000000,RNACEN,LN872640.1:1..79:ncRNA:snopy:Mus_musculus300118,1,10090,1139401045
12,48,162,URS00006509C9,1,Y,2015-10-19 22:12:25.000000,RNACEN,LN872641.1:1..79:ncRNA:snopy:Mus_musculus300119,1,10090,1139401046
12,48,162,URS00006838B0,1,Y,2015-10-19 22:12:25.000000,RNACEN,LN872642.1:1..79:ncRNA:snopy:Mus_musculus300120,1,10090,1139401047
12,48,162,URS000071FF7A,1,Y,2015-10-19 22:12:25.000000,RNACEN,LN872643.1:1..79:ncRNA:snopy:Mus_musculus300121,1,10090,1139401048
12,48,162,URS00006838B0,1,Y,2015-10-19 22:12:25.000000,RNACEN,LN872644.1:1..79:ncRNA:snopy:Mus_musculus300122,1,10090,1139401049
12,48,162,URS00006838B0,1,Y,2015-10-19 22:12:25.000000,RNACEN,LN872645.1:1..79:ncRNA:snopy:Mus_musculus300123,1,10090,1139401050
12,48,162,URS0000703000,1,Y,2015-10-19 22:12:25.000000,RNACEN,LN872646.1:1..79:ncRNA:snopy:Mus_musculus300124,1,10090,1139401051
12,48,162,URS00006838B0,1,Y,2015-10-19 22:12:25.000000,RNACEN,LN872647.1:1..79:ncRNA:snopy:Mus_musculus300125,1,10090,1139401052
12,48,162,URS0000638933,1,Y,2015-10-19 22:12:25.000000,RNACEN,LN872648.1:1..79:ncRNA:snopy:Mus_musculus300126,1,10090,1139401053
12,48,162,URS0000624C83,1,Y,2015-10-19 22:12:25.000000,RNACEN,LN872649.1:1..79:ncRNA:snopy:Mus_musculus300127,1,10090,1139401054
12,48,162,URS00006918D1,1,Y,2015-10-19 22:12:25.000000,RNACEN,LN872650.1:1..79:ncRNA:snopy:Mus_musculus300128,1,10090,1139401055
12,48,162,URS000062B314,1,Y,2015-10-19 22:12:25.000000,RNACEN,LN872651.1:1..79:ncRNA:snopy:Mus_musculus300129,1,10090,1139401056
12,48,162,URS000062B314,1,Y,2015-10-19 22:12:25.000000,RNACEN,LN872652.1:1..79:ncRNA:snopy:Mus_musculus300130,1,10090,1139401057
12,48,162,URS00006918D1,1,Y,2015-10-19 22:12:25.000000,RNACEN,LN872653.1:1..79:ncRNA:snopy:Mus_musculus300131,1,10090,1139401058
12,48,162,URS000062B314,1,Y,2015-10-19 22:12:25.000000,RNACEN,LN872654.1:1..79:ncRNA:snopy:Mus_musculus300132,1,10090,1139401059
12,48,162,URS000064BEB9,1,Y,2015-10-19 22:12:25.000000,RNACEN,LN872655.1:1..79:ncRNA:snopy:Mus_musculus300133,1,10090,1139401060
12,48,162,URS00006252CF,1,Y,2015-10-19 22:12:25.000000,RNACEN,LN872656.1:1..79:ncRNA:snopy:Mus_musculus300134,1,10090,1139401061
12,48,162,URS00006918D1,1,Y,2015-10-19 22:12:25.000000,RNACEN,LN872657.1:1..79:ncRNA:snopy:Mus_musculus300135,1,10090,1139401062
12,48,162,URS00006918D1,1,Y,2015-10-19 22:12:25.000000,RNACEN,LN872658.1:1..79:ncRNA:snopy:Mus_musculus300136,1,10090,1139401063
12,48,162,URS00006252CF,1,Y,2015-10-19 22:12:25.000000,RNACEN,LN872659.1:1..79:ncRNA:snopy:Mus_musculus300137,1,10090,1139401064
12,48,162,URS00006918D1,1,Y,2015-10-19 22:12:25.000000,RNACEN,LN872660.1:1..79:ncRNA:snopy:Mus_musculus300138,1,10090,1139401065
12,48,162,URS00006918D1,1,Y,2015-10-19 22:12:25.000000,RNACEN,LN872661.1:1..79:ncRNA:snopy:Mus_musculus300139,1,10090,1139401066
12,48,162,URS00006252CF,1,Y,2015-10-19 22:12:25.000000,RNACEN,LN872662.1:1..79:ncRNA:snopy:Mus_musculus300140,1,10090,1139401067
12,48,162,URS000062F3B8,1,Y,2015-10-19 22:12:25.000000,RNACEN,LN872663.1:1..79:ncRNA:snopy:Mus_musculus300141,1,10090,1139401068
12,48,162,URS000066C3C6,1,Y,2015-10-19 22:12:25.000000,RNACEN,LN872664.1:1..79:ncRNA:snopy:Mus_musculus300142,1,10090,1139401069
12,48,162,URS00006B0B98,1,Y,2015-10-19 22:12:25.000000,RNACEN,LN872665.1:1..79:ncRNA:snopy:Mus_musculus300143,1,10090,1139401070
12,48,162,URS00008472B9,1,Y,2015-10-19 22:12:25.000000,RNACEN,LN872666.1:1..75:ncRNA:snopy:Mus_musculus300144,1,10090,1139401071
12,48,162,URS00006838B0,1,Y,2015-10-19 22:12:25.000000,RNACEN,LN872667.1:1..79:ncRNA:snopy:Mus_musculus300145,1,10090,1139401072
12,48,162,URS00006838B0,1,Y,2015-10-19 22:12:25.000000,RNACEN,LN872668.1:1..79:ncRNA:snopy:Mus_musculus300146,1,10090,1139401073
12,48,162,URS00006838B0,1,Y,2015-10-19 22:12:25.000000,RNACEN,LN872669.1:1..79:ncRNA:snopy:Mus_musculus300147,1,10090,1139401074
12,48,162,URS00006838B0,1,Y,2015-10-19 22:12:25.000000,RNACEN,LN872670.1:1..79:ncRNA:snopy:Mus_musculus300148,1,10090,1139401075
12,48,162,URS00006838B0,1,Y,2015-10-19 22:12:25.000000,RNACEN,LN872671.1:1..79:ncRNA:snopy:Mus_musculus300149,1,10090,1139401076
12,48,162,URS00006B08B8,1,Y,2015-10-19 22:12:25.000000,RNACEN,LN872672.1:1..79:ncRNA:snopy:Mus_musculus300150,1,10090,1139401077
12,48,162,URS00006838B0,1,Y,2015-10-19 22:12:25.000000,RNACEN,LN872673.1:1..79:ncRNA:snopy:Mus_musculus300151,1,10090,1139401078
12,48,162,URS00006252CF,1,Y,2015-10-19 22:12:25.000000,RNACEN,LN872674.1:1..79:ncRNA:snopy:Mus_musculus300152,1,10090,1139401079
12,48,162,URS0000846DB2,1,Y,2015-10-19 22:12:25.000000,RNACEN,LN872675.1:1..77:ncRNA:snopy:Mus_musculus300153,1,10090,1139401080
12,48,162,URS000072EAD7,1,Y,2015-10-19 22:12:25.000000,RNACEN,LN872676.1:1..79:ncRNA:snopy:Mus_musculus300154,1,10090,1139401081
12,48,162,URS00006CF5DA,1,Y,2015-10-19 22:12:25.000000,RNACEN,LN872677.1:1..79:ncRNA:snopy:Mus_musculus300155,1,10090,1139401082
12,48,162,URS000072EAD7,1,Y,2015-10-19 22:12:25.000000,RNACEN,LN872678.1:1..79:ncRNA:snopy:Mus_musculus300156,1,10090,1139401083
12,48,162,URS0000653288,1,Y,2015-10-19 22:12:25.000000,RNACEN,LN872679.1:1..79:ncRNA:snopy:Mus_musculus300157,1,10090,1139401084
12,48,162,URS00006B0B98,1,Y,2015-10-19 22:12:25.000000,RNACEN,LN872680.1:1..79:ncRNA:snopy:Mus_musculus300158,1,10090,1139401085
12,48,162,URS00006B9760,1,Y,2015-10-19 22:12:25.000000,RNACEN,LN872681.1:1..79:ncRNA:snopy:Mus_musculus300159,1,10090,1139401086
12,48,162,URS00006B0B98,1,Y,2015-10-19 22:12:25.000000,RNACEN,LN872682.1:1..79:ncRNA:snopy:Mus_musculus300160,1,10090,1139401087
12,48,162,URS00006506F8,1,Y,2015-10-19 22:12:25.000000,RNACEN,LN872683.1:1..79:ncRNA:snopy:Mus_musculus300161,1,10090,1139401088
12,48,162,URS00006838B0,1,Y,2015-10-19 22:12:25.000000,RNACEN,LN872684.1:1..79:ncRNA:snopy:Mus_musculus300162,1,10090,1139401089
12,48,162,URS00006838B0,1,Y,2015-10-19 22:12:25.000000,RNACEN,LN872685.1:1..79:ncRNA:snopy:Mus_musculus300163,1,10090,1139401090
12,48,162,URS00006E5F38,1,Y,2015-10-19 22:12:25.000000,RNACEN,LN872686.1:1..79:ncRNA:snopy:Mus_musculus300164,1,10090,1139401091
12,48,162,URS00006838B0,1,Y,2015-10-19 22:12:25.000000,RNACEN,LN872687.1:1..79:ncRNA:snopy:Mus_musculus300165,1,10090,1139401092
12,48,162,URS0000692A63,1,Y,2015-10-19 22:12:25.000000,RNACEN,LN872410.1:1..121:ncRNA:snopy:Mus_musculus300167,1,10090,1139401093
12,48,162,URS00006FAE64,1,Y,2015-10-19 22:12:25.000000,RNACEN,LN872150.1:1..128:ncRNA:snopy:Mus_musculus300168,1,10090,1139401094
12,48,162,URS000063DC0C,1,Y,2015-10-19 22:12:25.000000,RNACEN,LN872139.1:1..119:ncRNA:snopy:Mus_musculus300169,1,10090,1139401095
12,48,162,URS00006B98FB,1,Y,2015-10-19 22:12:25.000000,RNACEN,LN872108.1:1..132:ncRNA:snopy:Mus_musculus300170,1,10090,1139401096
12,48,162,URS0000717E0B,1,Y,2015-10-19 22:12:25.000000,RNACEN,LN872241.1:1..137:ncRNA:snopy:Mus_musculus300171,1,10090,1139401097
12,48,162,URS0000681198,1,Y,2015-10-19 22:12:25.000000,RNACEN,LN872118.1:1..132:ncRNA:snopy:Mus_musculus300172,1,10090,1139401098
12,48,162,URS00006A3A5F,1,Y,2015-10-19 22:12:25.000000,RNACEN,LN872311.1:1..132:ncRNA:snopy:Mus_musculus300173,1,10090,1139401099
12,48,162,URS000069E4A7,1,Y,2015-10-19 22:12:25.000000,RNACEN,LN872166.1:1..127:ncRNA:snopy:Mus_musculus300174,1,10090,1139401100
12,48,162,URS000063166F,1,Y,2015-10-19 22:12:25.000000,RNACEN,LN872594.1:1..205:ncRNA:snopy:Mus_musculus300175,1,10090,1139401101
12,48,162,URS00006A9845,1,Y,2015-10-19 22:12:25.000000,RNACEN,LN872595.1:1..205:ncRNA:snopy:Mus_musculus300176,1,10090,1139401102
12,48,162,URS00006E7778,1,Y,2015-10-19 22:12:25.000000,RNACEN,LN872272.1:1..132:ncRNA:snopy:Mus_musculus300177,1,10090,1139401103
12,48,162,URS00006BF33C,1,Y,2015-10-19 22:12:25.000000,RNACEN,LN872438.1:1..131:ncRNA:snopy:Mus_musculus300178,1,10090,1139401104
12,48,162,URS0000667A69,1,Y,2015-10-19 22:12:25.000000,RNACEN,LN872389.1:1..130:ncRNA:snopy:Mus_musculus300092,1,10090,1139401105
12,48,162,URS0000725811,1,Y,2015-10-19 22:12:25.000000,RNACEN,LN872198.1:1..127:ncRNA:snopy:Mus_musculus300179,1,10090,1139401106
12,48,162,URS0000661B78,1,Y,2015-10-19 22:12:25.000000,RNACEN,LN872557.1:1..108:ncRNA:snopy:Mus_musculus300180,1,10090,1139401107
12,48,162,URS00006961FD,1,Y,2015-10-19 22:12:25.000000,RNACEN,LN872187.1:1..120:ncRNA:snopy:Mus_musculus300181,1,10090,1139401108
12,48,162,URS0000726950,1,Y,2015-10-19 22:12:25.000000,RNACEN,LN872282.1:1..132:ncRNA:snopy:Mus_musculus300182,1,10090,1139401109
12,48,162,URS000085CA1D,1,Y,2015-10-19 22:12:25.000000,RNACEN,LN872238.1:1..129:ncRNA:snopy:Mus_musculus300183,1,10090,1139401110
12,48,162,URS00006AEA15,1,Y,2015-10-19 22:12:25.000000,RNACEN,LN872547.1:1..134:ncRNA:snopy:Mus_musculus300184,1,10090,1139401111
12,48,162,URS0000866EF1,1,Y,2015-10-19 22:12:25.000000,RNACEN,LN872109.1:1..131:ncRNA:snopy:Mus_musculus300185,1,10090,1139401112
12,48,162,URS0000670AD8,1,Y,2015-10-19 22:12:25.000000,RNACEN,LN872326.1:1..131:ncRNA:snopy:Mus_musculus300186,1,10090,1139401113
12,48,162,URS000064AE4F,1,Y,2015-10-19 22:12:25.000000,RNACEN,LN872219.1:1..131:ncRNA:snopy:Mus_musculus300187,1,10090,1139401114
12,48,162,URS00006747FD,1,Y,2015-10-19 22:12:25.000000,RNACEN,LN872099.1:1..131:ncRNA:snopy:Mus_musculus300188,1,10090,1139401115
12,48,162,URS0000670566,1,Y,2015-10-19 22:12:25.000000,RNACEN,LN872625.1:1..75:ncRNA:snopy:Mus_musculus300189,1,10090,1139401116
12,48,162,URS00006E6B70,1,Y,2015-10-19 22:12:25.000000,RNACEN,LN872090.1:1..133:ncRNA:snopy:Mus_musculus300190,1,10090,1139401117
12,48,162,URS00006D6C8A,1,Y,2015-10-19 22:12:25.000000,RNACEN,LN872044.1:1..129:ncRNA:snopy:Mus_musculus300191,1,10090,1139401118
12,48,162,URS00006E5B2D,1,Y,2015-10-19 22:12:25.000000,RNACEN,LN872016.1:1..133:ncRNA:snopy:Mus_musculus300192,1,10090,1139401119
12,48,162,URS000063C829,1,Y,2015-10-19 22:12:25.000000,RNACEN,LN872148.1:1..127:ncRNA:snopy:Mus_musculus300193,1,10090,1139401120
12,48,162,URS000063D9F6,1,Y,2015-10-19 22:12:25.000000,RNACEN,LN872919.1:1..71:ncRNA:snopy:Mus_musculus300194,1,10090,1139401121
12,48,162,URS000068CF9B,1,Y,2015-10-19 22:12:25.000000,RNACEN,LN872021.1:1..131:ncRNA:snopy:Mus_musculus300195,1,10090,1139401122
12,48,162,URS000066E56B,1,Y,2015-10-19 22:12:25.000000,RNACEN,LN872000.1:1..129:ncRNA:snopy:Mus_musculus300196,1,10090,1139401123
12,48,162,URS0000723B8B,1,Y,2015-10-19 22:12:25.000000,RNACEN,LN872688.1:1..79:ncRNA:snopy:Mus_musculus300197,1,10090,1139401124
12,48,162,URS00006838B0,1,Y,2015-10-19 22:12:25.000000,RNACEN,LN872689.1:1..79:ncRNA:snopy:Mus_musculus300198,1,10090,1139401125
12,48,162,URS00006D9563,1,Y,2015-10-19 22:12:25.000000,RNACEN,LN872690.1:1..79:ncRNA:snopy:Mus_musculus300199,1,10090,1139401126
12,48,162,URS000062B314,1,Y,2015-10-19 22:12:25.000000,RNACEN,LN872691.1:1..79:ncRNA:snopy:Mus_musculus300200,1,10090,1139401127
12,48,162,URS000068301B,1,Y,2015-10-19 22:12:25.000000,RNACEN,LN872692.1:1..79:ncRNA:snopy:Mus_musculus300201,1,10090,1139401128
12,48,162,URS000068301B,1,Y,2015-10-19 22:12:25.000000,RNACEN,LN872693.1:1..79:ncRNA:snopy:Mus_musculus300202,1,10090,1139401129
12,48,162,URS0000699E4B,1,Y,2015-10-19 22:12:25.000000,RNACEN,LN872694.1:1..79:ncRNA:snopy:Mus_musculus300203,1,10090,1139401130
12,48,162,URS00006838B0,1,Y,2015-10-19 22:12:25.000000,RNACEN,LN872695.1:1..79:ncRNA:snopy:Mus_musculus300204,1,10090,1139401131
12,48,162,URS00006F8BBF,1,Y,2015-10-19 22:12:25.000000,RNACEN,LN872696.1:1..78:ncRNA:snopy:Mus_musculus300205,1,10090,1139401132
12,48,162,URS00006F8BBF,1,Y,2015-10-19 22:12:25.000000,RNACEN,LN872697.1:1..78:ncRNA:snopy:Mus_musculus300206,1,10090,1139401133
12,48,162,URS00006F0757,1,Y,2015-10-19 22:12:25.000000,RNACEN,LN872698.1:1..79:ncRNA:snopy:Mus_musculus300207,1,10090,1139401134
12,48,162,URS00006838B0,1,Y,2015-10-19 22:12:25.000000,RNACEN,LN872699.1:1..79:ncRNA:snopy:Mus_musculus300208,1,10090,1139401135
12,48,162,URS00006838B0,1,Y,2015-10-19 22:12:25.000000,RNACEN,LN872700.1:1..79:ncRNA:snopy:Mus_musculus300209,1,10090,1139401136
12,48,162,URS00006838B0,1,Y,2015-10-19 22:12:25.000000,RNACEN,LN872701.1:1..79:ncRNA:snopy:Mus_musculus300210,1,10090,1139401137
12,48,162,URS00006838B0,1,Y,2015-10-19 22:12:25.000000,RNACEN,LN872702.1:1..79:ncRNA:snopy:Mus_musculus300211,1,10090,1139401138
12,48,162,URS00006838B0,1,Y,2015-10-19 22:12:25.000000,RNACEN,LN872703.1:1..79:ncRNA:snopy:Mus_musculus300212,1,10090,1139401139
12,48,162,URS000069BA9C,1,Y,2015-10-19 22:12:25.000000,RNACEN,LN872704.1:1..79:ncRNA:snopy:Mus_musculus300213,1,10090,1139401140
12,48,162,URS00006838B0,1,Y,2015-10-19 22:12:25.000000,RNACEN,LN872705.1:1..79:ncRNA:snopy:Mus_musculus300214,1,10090,1139401141
12,48,162,URS000069BA9C,1,Y,2015-10-19 22:12:25.000000,RNACEN,LN872706.1:1..79:ncRNA:snopy:Mus_musculus300215,1,10090,1139401142
12,48,162,URS00006838B0,1,Y,2015-10-19 22:12:25.000000,RNACEN,LN872707.1:1..79:ncRNA:snopy:Mus_musculus300216,1,10090,1139401143
12,48,162,URS00006506F8,1,Y,2015-10-19 22:12:25.000000,RNACEN,LN872708.1:1..79:ncRNA:snopy:Mus_musculus300217,1,10090,1139401144
12,48,162,URS00006506F8,1,Y,2015-10-19 22:12:25.000000,RNACEN,LN872709.1:1..79:ncRNA:snopy:Mus_musculus300218,1,10090,1139401145
12,48,162,URS00006838B0,1,Y,2015-10-19 22:12:25.000000,RNACEN,LN872710.1:1..79:ncRNA:snopy:Mus_musculus300219,1,10090,1139401146
12,48,162,URS00006838B0,1,Y,2015-10-19 22:12:25.000000,RNACEN,LN872711.1:1..79:ncRNA:snopy:Mus_musculus300220,1,10090,1139401147
12,48,162,URS00006506F8,1,Y,2015-10-19 22:12:25.000000,RNACEN,LN872712.1:1..79:ncRNA:snopy:Mus_musculus300221,1,10090,1139401148
12,48,162,URS00006506F8,1,Y,2015-10-19 22:12:25.000000,RNACEN,LN872713.1:1..79:ncRNA:snopy:Mus_musculus300222,1,10090,1139401149
12,48,162,URS00006AD20E,1,Y,2015-10-19 22:12:25.000000,RNACEN,LN872714.1:1..79:ncRNA:snopy:Mus_musculus300223,1,10090,1139401150
12,48,162,URS00006506F8,1,Y,2015-10-19 22:12:25.000000,RNACEN,LN872715.1:1..79:ncRNA:snopy:Mus_musculus300224,1,10090,1139401151
12,48,162,URS00006506F8,1,Y,2015-10-19 22:12:25.000000,RNACEN,LN872716.1:1..79:ncRNA:snopy:Mus_musculus300225,1,10090,1139401152
12,48,162,URS00006506F8,1,Y,2015-10-19 22:12:25.000000,RNACEN,LN872717.1:1..79:ncRNA:snopy:Mus_musculus300226,1,10090,1139401153
12,48,162,URS00006506F8,1,Y,2015-10-19 22:12:25.000000,RNACEN,LN872718.1:1..79:ncRNA:snopy:Mus_musculus300227,1,10090,1139401154
12,48,162,URS00006506F8,1,Y,2015-10-19 22:12:25.000000,RNACEN,LN872719.1:1..79:ncRNA:snopy:Mus_musculus300228,1,10090,1139401155
12,48,162,URS00006506F8,1,Y,2015-10-19 22:12:25.000000,RNACEN,LN872720.1:1..79:ncRNA:snopy:Mus_musculus300229,1,10090,1139401156
12,48,162,URS00006506F8,1,Y,2015-10-19 22:12:25.000000,RNACEN,LN872721.1:1..79:ncRNA:snopy:Mus_musculus300230,1,10090,1139401157
12,48,162,URS00006506F8,1,Y,2015-10-19 22:12:25.000000,RNACEN,LN872722.1:1..79:ncRNA:snopy:Mus_musculus300231,1,10090,1139401158
12,48,162,URS00006506F8,1,Y,2015-10-19 22:12:25.000000,RNACEN,LN872723.1:1..79:ncRNA:snopy:Mus_musculus300232,1,10090,1139401159
12,48,162,URS0000624C01,1,Y,2015-10-19 22:12:25.000000,RNACEN,LN872724.1:1..78:ncRNA:snopy:Mus_musculus300233,1,10090,1139401160
12,48,162,URS00006E580F,1,Y,2015-10-19 22:12:25.000000,RNACEN,LN872768.1:1..79:ncRNA:snopy:Mus_musculus300234,1,10090,1139401161
12,48,162,URS00006506F8,1,Y,2015-10-19 22:12:25.000000,RNACEN,LN872767.1:1..79:ncRNA:snopy:Mus_musculus300235,1,10090,1139401162
12,48,162,URS00006506F8,1,Y,2015-10-19 22:12:25.000000,RNACEN,LN872766.1:1..79:ncRNA:snopy:Mus_musculus300236,1,10090,1139401163
12,48,162,URS0000624C01,1,Y,2015-10-19 22:12:25.000000,RNACEN,LN872765.1:1..78:ncRNA:snopy:Mus_musculus300237,1,10090,1139401164
12,48,162,URS00006506F8,1,Y,2015-10-19 22:12:25.000000,RNACEN,LN872764.1:1..79:ncRNA:snopy:Mus_musculus300238,1,10090,1139401165
12,48,162,URS00006506F8,1,Y,2015-10-19 22:12:25.000000,RNACEN,LN872762.1:1..79:ncRNA:snopy:Mus_musculus300239,1,10090,1139401166
12,48,162,URS00006506F8,1,Y,2015-10-19 22:12:25.000000,RNACEN,LN872761.1:1..79:ncRNA:snopy:Mus_musculus300240,1,10090,1139401167
12,48,162,URS00006506F8,1,Y,2015-10-19 22:12:25.000000,RNACEN,LN872760.1:1..79:ncRNA:snopy:Mus_musculus300241,1,10090,1139401168
12,48,162,URS00006506F8,1,Y,2015-10-19 22:12:25.000000,RNACEN,LN872759.1:1..79:ncRNA:snopy:Mus_musculus300242,1,10090,1139401169
12,48,162,URS00006506F8,1,Y,2015-10-19 22:12:25.000000,RNACEN,LN872758.1:1..79:ncRNA:snopy:Mus_musculus300243,1,10090,1139401170
12,48,162,URS00006838B0,1,Y,2015-10-19 22:12:25.000000,RNACEN,LN872757.1:1..79:ncRNA:snopy:Mus_musculus300244,1,10090,1139401171
12,48,162,URS00006838B0,1,Y,2015-10-19 22:12:25.000000,RNACEN,LN872756.1:1..79:ncRNA:snopy:Mus_musculus300245,1,10090,1139401172
12,48,162,URS0000670F0D,1,Y,2015-10-19 22:12:25.000000,RNACEN,LN872755.1:1..79:ncRNA:snopy:Mus_musculus300246,1,10090,1139401173
12,48,162,URS0000633424,1,Y,2015-10-19 22:12:25.000000,RNACEN,LN872754.1:1..79:ncRNA:snopy:Mus_musculus300247,1,10090,1139401174
12,48,162,URS00006506F8,1,Y,2015-10-19 22:12:25.000000,RNACEN,LN872753.1:1..79:ncRNA:snopy:Mus_musculus300248,1,10090,1139401175
12,48,162,URS00006838B0,1,Y,2015-10-19 22:12:25.000000,RNACEN,LN872775.1:1..79:ncRNA:snopy:Mus_musculus300249,1,10090,1139401176
12,48,162,URS0000658F8F,1,Y,2015-10-19 22:12:25.000000,RNACEN,LN872774.1:1..79:ncRNA:snopy:Mus_musculus300250,1,10090,1139401177
12,48,162,URS00006838B0,1,Y,2015-10-19 22:12:25.000000,RNACEN,LN872773.1:1..79:ncRNA:snopy:Mus_musculus300251,1,10090,1139401178
12,48,162,URS0000658F8F,1,Y,2015-10-19 22:12:25.000000,RNACEN,LN872772.1:1..79:ncRNA:snopy:Mus_musculus300252,1,10090,1139401179
12,48,162,URS00006838B0,1,Y,2015-10-19 22:12:25.000000,RNACEN,LN872771.1:1..79:ncRNA:snopy:Mus_musculus300253,1,10090,1139401180
12,48,162,URS00006838B0,1,Y,2015-10-19 22:12:25.000000,RNACEN,LN872770.1:1..79:ncRNA:snopy:Mus_musculus300254,1,10090,1139401181
12,48,162,URS00006838B0,1,Y,2015-10-19 22:12:25.000000,RNACEN,LN872769.1:1..79:ncRNA:snopy:Mus_musculus300255,1,10090,1139401182
12,48,162,URS00006838B0,1,Y,2015-10-19 22:12:25.000000,RNACEN,LN872763.1:1..79:ncRNA:snopy:Mus_musculus300256,1,10090,1139401183
12,48,162,URS000064CF37,1,Y,2015-10-19 22:12:25.000000,RNACEN,LN872752.1:1..79:ncRNA:snopy:Mus_musculus300257,1,10090,1139401184
12,48,162,URS00006A3902,1,Y,2015-10-19 22:12:25.000000,RNACEN,LN872218.1:1..131:ncRNA:snopy:Mus_musculus300258,1,10090,1139401185
12,48,162,URS000068FE5C,1,Y,2015-10-19 22:12:25.000000,RNACEN,LN872237.1:1..131:ncRNA:snopy:Mus_musculus300260,1,10090,1139401186
12,48,162,URS00006BB19A,1,Y,2015-10-19 22:12:25.000000,RNACEN,LN872035.1:1..132:ncRNA:snopy:Mus_musculus300261,1,10090,1139401187
12,48,162,URS00006D6411,1,Y,2015-10-19 22:12:25.000000,RNACEN,LN872026.1:1..132:ncRNA:snopy:Mus_musculus300262,1,10090,1139401188
12,48,162,URS000063A29D,1,Y,2015-10-19 22:12:25.000000,RNACEN,LN872940.1:1..76:ncRNA:snopy:Mus_musculus300263,1,10090,1139401189
12,48,162,URS0000714979,1,Y,2015-10-19 22:12:25.000000,RNACEN,LN872170.1:1..131:ncRNA:snopy:Mus_musculus300264,1,10090,1139401190
12,48,162,URS0000700C3B,1,Y,2015-10-19 22:12:25.000000,RNACEN,LN872045.1:1..129:ncRNA:snopy:Mus_musculus300265,1,10090,1139401191
12,48,162,URS000083B28D,1,Y,2015-10-19 22:12:25.000000,RNACEN,LN872554.1:1..116:ncRNA:snopy:Mus_musculus300266,1,10090,1139401192
12,48,162,URS0000714E57,1,Y,2015-10-19 22:12:25.000000,RNACEN,LN872782.1:1..94:ncRNA:snopy:Mus_musculus300267,1,10090,1139401193
12,48,162,URS000072B52D,1,Y,2015-10-19 22:12:25.000000,RNACEN,LN872783.1:1..94:ncRNA:snopy:Mus_musculus300268,1,10090,1139401194
12,48,162,URS0000658CC6,1,Y,2015-10-19 22:12:25.000000,RNACEN,LN872206.1:1..125:ncRNA:snopy:Mus_musculus300269,1,10090,1139401195
12,48,162,URS000062DABA,1,Y,2015-10-19 22:12:25.000000,RNACEN,LN872273.1:1..132:ncRNA:snopy:Mus_musculus300270,1,10090,1139401196
12,48,162,URS0000705682,1,Y,2015-10-19 22:12:25.000000,RNACEN,LN872553.1:1..127:ncRNA:snopy:Mus_musculus300271,1,10090,1139401197
12,48,162,URS00006C003F,1,Y,2015-10-19 22:12:25.000000,RNACEN,LN872295.1:1..132:ncRNA:snopy:Mus_musculus300272,1,10090,1139401198
12,48,162,URS00006C6F80,1,Y,2015-10-19 22:12:25.000000,RNACEN,LN872632.1:1..69:ncRNA:snopy:Mus_musculus300273,1,10090,1139401199
12,48,162,URS00006E6B5F,1,Y,2015-10-19 22:12:25.000000,RNACEN,LN872633.1:1..75:ncRNA:snopy:Mus_musculus300274,1,10090,1139401200
12,48,162,URS00006622B5,1,Y,2015-10-19 22:12:25.000000,RNACEN,LN872634.1:1..75:ncRNA:snopy:Mus_musculus300275,1,10090,1139401201
12,48,162,URS000085D0E8,1,Y,2015-10-19 22:12:25.000000,RNACEN,LN872635.1:1..75:ncRNA:snopy:Mus_musculus300276,1,10090,1139401202
12,48,162,URS00006D4C21,1,Y,2015-10-19 22:12:25.000000,RNACEN,LN872636.1:1..75:ncRNA:snopy:Mus_musculus300277,1,10090,1139401203
12,48,162,URS000072249F,1,Y,2015-10-19 22:12:25.000000,RNACEN,LN872637.1:1..72:ncRNA:snopy:Mus_musculus300278,1,10090,1139401204
12,48,162,URS000068A42A,1,Y,2015-10-19 22:12:25.000000,RNACEN,LN872573.1:1..131:ncRNA:snopy:Mus_musculus300279,1,10090,1139401205
12,48,162,URS00007254AD,1,Y,2015-10-19 22:12:25.000000,RNACEN,LN872451.1:1..134:ncRNA:snopy:Mus_musculus300280,1,10090,1139401206
12,48,162,URS00007154D9,1,Y,2015-10-19 22:12:25.000000,RNACEN,LN872008.1:1..129:ncRNA:snopy:Mus_musculus300281,1,10090,1139401207
12,48,162,URS000062CE88,1,Y,2015-10-19 22:12:25.000000,RNACEN,LN872572.1:1..132:ncRNA:snopy:Mus_musculus300282,1,10090,1139401208
12,48,162,URS0000655B96,1,Y,2015-10-19 22:12:25.000000,RNACEN,LN872019.1:1..129:ncRNA:snopy:Mus_musculus300284,1,10090,1139401209
12,48,162,URS00006F215A,1,Y,2015-10-19 22:12:25.000000,RNACEN,LN872185.1:1..131:ncRNA:snopy:Mus_musculus300285,1,10090,1139401210
12,48,162,URS00007114CA,1,Y,2015-10-19 22:12:25.000000,RNACEN,LN872116.1:1..131:ncRNA:snopy:Mus_musculus300286,1,10090,1139401211
12,48,162,URS000064E6DC,1,Y,2015-10-19 22:12:25.000000,RNACEN,LN872498.1:1..130:ncRNA:snopy:Mus_musculus300287,1,10090,1139401212
12,48,162,URS000069870A,1,Y,2015-10-19 22:12:25.000000,RNACEN,LN872551.1:1..133:ncRNA:snopy:Mus_musculus300288,1,10090,1139401213
12,48,162,URS0000667DF4,1,Y,2015-10-19 22:12:25.000000,RNACEN,LN872155.1:1..132:ncRNA:snopy:Mus_musculus300289,1,10090,1139401214
12,48,162,URS00006BC631,1,Y,2015-10-19 22:12:25.000000,RNACEN,LN872203.1:1..128:ncRNA:snopy:Mus_musculus300290,1,10090,1139401215
12,48,162,URS0000846ED2,1,Y,2015-10-19 22:12:25.000000,RNACEN,LN872398.1:1..108:ncRNA:snopy:Mus_musculus300291,1,10090,1139401216
12,48,162,URS000062EE01,1,Y,2015-10-19 22:12:25.000000,RNACEN,LN872479.1:1..133:ncRNA:snopy:Mus_musculus300292,1,10090,1139401217
12,48,162,URS000084D846,1,Y,2015-10-19 22:12:25.000000,RNACEN,LN872178.1:1..130:ncRNA:snopy:Mus_musculus300293,1,10090,1139401218
12,48,162,URS00006E73DC,1,Y,2015-10-19 22:12:25.000000,RNACEN,LN872519.1:1..129:ncRNA:snopy:Mus_musculus300294,1,10090,1139401219
12,48,162,URS000068D93D,1,Y,2015-10-19 22:12:25.000000,RNACEN,LN872576.1:1..132:ncRNA:snopy:Mus_musculus300295,1,10090,1139401220
12,48,162,URS0000843FBF,1,Y,2015-10-19 22:12:25.000000,RNACEN,LN872279.1:1..124:ncRNA:snopy:Mus_musculus300296,1,10090,1139401221
12,48,162,URS00006A06BF,1,Y,2015-10-19 22:12:25.000000,RNACEN,LN872115.1:1..120:ncRNA:snopy:Mus_musculus300297,1,10090,1139401222
12,48,162,URS00006C848F,1,Y,2015-10-19 22:12:25.000000,RNACEN,LN872065.1:1..130:ncRNA:snopy:Mus_musculus300298,1,10090,1139401223
12,48,162,URS000066F09E,1,Y,2015-10-19 22:12:25.000000,RNACEN,LN872177.1:1..132:ncRNA:snopy:Mus_musculus300299,1,10090,1139401224
12,48,162,URS00006BE3E5,1,Y,2015-10-19 22:12:25.000000,RNACEN,LN872147.1:1..133:ncRNA:snopy:Mus_musculus300300,1,10090,1139401225
12,48,162,URS00006A6683,1,Y,2015-10-19 22:12:25.000000,RNACEN,LN872602.1:1..119:ncRNA:snopy:Mus_musculus300301,1,10090,1139401226
12,48,162,URS000070715C,1,Y,2015-10-19 22:12:25.000000,RNACEN,LN872117.1:1..132:ncRNA:snopy:Mus_musculus300302,1,10090,1139401227
12,48,162,URS00006A1B4C,1,Y,2015-10-19 22:12:25.000000,RNACEN,LN872223.1:1..132:ncRNA:snopy:Mus_musculus300303,1,10090,1139401228
12,48,162,URS000070E79F,1,Y,2015-10-19 22:12:25.000000,RNACEN,LN872612.1:1..133:ncRNA:snopy:Mus_musculus300304,1,10090,1139401229
12,48,162,URS00006605EB,1,Y,2015-10-19 22:12:25.000000,RNACEN,LN872252.1:1..127:ncRNA:snopy:Mus_musculus300305,1,10090,1139401230
12,48,162,URS00006237D6,1,Y,2015-10-19 22:12:25.000000,RNACEN,LN872180.1:1..130:ncRNA:snopy:Mus_musculus300306,1,10090,1139401231
12,48,162,URS00006A6169,1,Y,2015-10-19 22:12:25.000000,RNACEN,LN872079.1:1..132:ncRNA:snopy:Mus_musculus300307,1,10090,1139401232
12,48,162,URS000062BFBF,1,Y,2015-10-19 22:12:25.000000,RNACEN,LN872872.1:1..70:ncRNA:snopy:Mus_musculus300308,1,10090,1139401233
12,48,162,URS00006EA741,1,Y,2015-10-19 22:12:25.000000,RNACEN,LN872040.1:1..132:ncRNA:snopy:Mus_musculus300309,1,10090,1139401234
12,48,162,URS00006C9190,1,Y,2015-10-19 22:12:25.000000,RNACEN,LN872158.1:1..132:ncRNA:snopy:Mus_musculus300310,1,10090,1139401235
12,48,162,URS00006D9907,1,Y,2015-10-19 22:12:25.000000,RNACEN,LN872499.1:1..130:ncRNA:snopy:Mus_musculus300311,1,10090,1139401236
12,48,162,URS000070BD13,1,Y,2015-10-19 22:12:25.000000,RNACEN,LN872013.1:1..134:ncRNA:snopy:Mus_musculus300312,1,10090,1139401237
12,48,162,URS0000697BC0,1,Y,2015-10-19 22:12:25.000000,RNACEN,LN872083.1:1..131:ncRNA:snopy:Mus_musculus300313,1,10090,1139401238
12,48,162,URS00006A4546,1,Y,2015-10-19 22:12:25.000000,RNACEN,LN872556.1:1..137:ncRNA:snopy:Mus_musculus300314,1,10090,1139401239
12,48,162,URS00006D25F3,1,Y,2015-10-19 22:12:25.000000,RNACEN,LN872528.1:1..143:ncRNA:snopy:Mus_musculus300315,1,10090,1139401240
12,48,162,URS000072967A,1,Y,2015-10-19 22:12:25.000000,RNACEN,LN872230.1:1..130:ncRNA:snopy:Mus_musculus300316,1,10090,1139401241
12,48,162,URS000044217C,1,Y,2015-10-19 22:12:25.000000,RNACEN,LN872935.1:1..97:ncRNA:snopy:Mus_musculus300317,1,10090,1139401242
12,48,162,URS000084CF4D,1,Y,2015-10-19 22:12:25.000000,RNACEN,LN872447.1:1..142:ncRNA:snopy:Mus_musculus300318,1,10090,1139401243
12,48,162,URS000063567F,1,Y,2015-10-19 22:12:25.000000,RNACEN,LN872400.1:1..108:ncRNA:snopy:Mus_musculus300319,1,10090,1139401244
12,48,162,URS00006B683C,1,Y,2015-10-19 22:12:25.000000,RNACEN,LN872550.1:1..123:ncRNA:snopy:Mus_musculus300320,1,10090,1139401245
12,48,162,URS000072420F,1,Y,2015-10-19 22:12:25.000000,RNACEN,LN872424.1:1..133:ncRNA:snopy:Mus_musculus300322,1,10090,1139401246
12,48,162,URS0000862494,1,Y,2015-10-19 22:12:25.000000,RNACEN,LN872481.1:1..138:ncRNA:snopy:Mus_musculus300323,1,10090,1139401247
12,48,162,URS0000646A3F,1,Y,2015-10-19 22:12:25.000000,RNACEN,LN872249.1:1..138:ncRNA:snopy:Mus_musculus300324,1,10090,1139401248
12,48,162,URS00006F7E77,1,Y,2015-10-19 22:12:25.000000,RNACEN,LN872286.1:1..132:ncRNA:snopy:Mus_musculus300325,1,10090,1139401249
12,48,162,URS00006F815E,1,Y,2015-10-19 22:12:25.000000,RNACEN,LN872176.1:1..131:ncRNA:snopy:Mus_musculus300326,1,10090,1139401250
12,48,162,URS00007012BC,1,Y,2015-10-19 22:12:25.000000,RNACEN,LN872205.1:1..132:ncRNA:snopy:Mus_musculus300327,1,10090,1139401251
12,48,162,URS000070238A,1,Y,2015-10-19 22:12:25.000000,RNACEN,LN872134.1:1..133:ncRNA:snopy:Mus_musculus300328,1,10090,1139401252
12,48,162,URS00006C5322,1,Y,2015-10-19 22:12:25.000000,RNACEN,LN872017.1:1..126:ncRNA:snopy:Mus_musculus300329,1,10090,1139401253
12,48,162,URS000085F95E,1,Y,2015-10-19 22:12:25.000000,RNACEN,LN872380.1:1..105:ncRNA:snopy:Mus_musculus300330,1,10090,1139401254
12,48,162,URS000070E5A1,1,Y,2015-10-19 22:12:25.000000,RNACEN,LN872028.1:1..131:ncRNA:snopy:Mus_musculus300331,1,10090,1139401255
12,48,162,URS0000673FDA,1,Y,2015-10-19 22:12:25.000000,RNACEN,LN872081.1:1..132:ncRNA:snopy:Mus_musculus300332,1,10090,1139401256
12,48,162,URS000065C361,1,Y,2015-10-19 22:12:25.000000,RNACEN,LN872012.1:1..131:ncRNA:snopy:Mus_musculus300333,1,10090,1139401257
12,48,162,URS0000652541,1,Y,2015-10-19 22:12:25.000000,RNACEN,LN872175.1:1..132:ncRNA:snopy:Mus_musculus300334,1,10090,1139401258
12,48,162,URS00006DAFAD,1,Y,2015-10-19 22:12:25.000000,RNACEN,LN872057.1:1..132:ncRNA:snopy:Mus_musculus300335,1,10090,1139401259
12,48,162,URS000084DDD0,1,Y,2015-10-19 22:12:25.000000,RNACEN,LN872613.1:1..115:ncRNA:snopy:Mus_musculus300336,1,10090,1139401260
12,48,162,URS000072A5AC,1,Y,2015-10-19 22:12:25.000000,RNACEN,LN872319.1:1..139:ncRNA:snopy:Mus_musculus300337,1,10090,1139401261
12,48,162,URS000068E52A,1,Y,2015-10-19 22:12:25.000000,RNACEN,LN872123.1:1..131:ncRNA:snopy:Mus_musculus300338,1,10090,1139401262
12,48,162,URS00006C29CD,1,Y,2015-10-19 22:12:25.000000,RNACEN,LN872251.1:1..130:ncRNA:snopy:Mus_musculus300339,1,10090,1139401263
12,48,162,URS00006B6528,1,Y,2015-10-19 22:12:25.000000,RNACEN,LN872301.1:1..133:ncRNA:snopy:Mus_musculus300340,1,10090,1139401264
12,48,162,URS0000632C37,1,Y,2015-10-19 22:12:25.000000,RNACEN,LN872029.1:1..129:ncRNA:snopy:Mus_musculus300341,1,10090,1139401265
12,48,162,URS00006A3882,1,Y,2015-10-19 22:12:25.000000,RNACEN,LN872283.1:1..132:ncRNA:snopy:Mus_musculus300342,1,10090,1139401266
12,48,162,URS000065E9F3,1,Y,2015-10-19 22:12:25.000000,RNACEN,LN872581.1:1..131:ncRNA:snopy:Mus_musculus300343,1,10090,1139401267
12,48,162,URS0000639F65,1,Y,2015-10-19 22:12:25.000000,RNACEN,LN872195.1:1..132:ncRNA:snopy:Mus_musculus300344,1,10090,1139401268
12,48,162,URS00006D187F,1,Y,2015-10-19 22:12:25.000000,RNACEN,LN872137.1:1..126:ncRNA:snopy:Mus_musculus300345,1,10090,1139401269
12,48,162,URS0000627BCA,1,Y,2015-10-19 22:12:25.000000,RNACEN,LN872545.1:1..103:ncRNA:snopy:Mus_musculus300346,1,10090,1139401270
12,48,162,URS0000665465,1,Y,2015-10-19 22:12:25.000000,RNACEN,LN872103.1:1..132:ncRNA:snopy:Mus_musculus300347,1,10090,1139401271
12,48,162,URS0000699754,1,Y,2015-10-19 22:12:25.000000,RNACEN,LN872543.1:1..134:ncRNA:snopy:Mus_musculus300348,1,10090,1139401272
12,48,162,URS00006778CD,1,Y,2015-10-19 22:12:25.000000,RNACEN,LN872023.1:1..132:ncRNA:snopy:Mus_musculus300349,1,10090,1139401273
12,48,162,URS00006F9C54,1,Y,2015-10-19 22:12:25.000000,RNACEN,LN872046.1:1..133:ncRNA:snopy:Mus_musculus300350,1,10090,1139401274
12,48,162,URS00006280FB,1,Y,2015-10-19 22:12:25.000000,RNACEN,LN872284.1:1..132:ncRNA:snopy:Mus_musculus300351,1,10090,1139401275
12,48,162,URS000065BB67,1,Y,2015-10-19 22:12:25.000000,RNACEN,LN872324.1:1..127:ncRNA:snopy:Mus_musculus300352,1,10090,1139401276
12,48,162,URS00006AD9A7,1,Y,2015-10-19 22:12:25.000000,RNACEN,LN872271.1:1..132:ncRNA:snopy:Mus_musculus300353,1,10090,1139401277
12,48,162,URS000084360C,1,Y,2015-10-19 22:12:25.000000,RNACEN,LN872466.1:1..112:ncRNA:snopy:Mus_musculus300354,1,10090,1139401278
12,48,162,URS0000650BFE,1,Y,2015-10-19 22:12:25.000000,RNACEN,LN872292.1:1..131:ncRNA:snopy:Mus_musculus300355,1,10090,1139401279
12,48,162,URS00006C6DE1,1,Y,2015-10-19 22:12:25.000000,RNACEN,LN872138.1:1..132:ncRNA:snopy:Mus_musculus300356,1,10090,1139401280
12,48,162,URS00006845A4,1,Y,2015-10-19 22:12:25.000000,RNACEN,LN872877.1:1..78:ncRNA:snopy:Mus_musculus300357,1,10090,1139401281
12,48,162,URS0000650D3A,1,Y,2015-10-19 22:12:25.000000,RNACEN,LN872456.1:1..139:ncRNA:snopy:Mus_musculus300358,1,10090,1139401282
12,48,162,URS0000715014,1,Y,2015-10-19 22:12:25.000000,RNACEN,LN872332.1:1..132:ncRNA:snopy:Mus_musculus300359,1,10090,1139401283
12,48,162,URS000063D335,1,Y,2015-10-19 22:12:25.000000,RNACEN,LN872159.1:1..130:ncRNA:snopy:Mus_musculus300360,1,10090,1139401284
12,48,162,URS0000686F45,1,Y,2015-10-19 22:12:25.000000,RNACEN,LN872114.1:1..133:ncRNA:snopy:Mus_musculus300361,1,10090,1139401285
12,48,162,URS00006DC526,1,Y,2015-10-19 22:12:25.000000,RNACEN,LN872309.1:1..132:ncRNA:snopy:Mus_musculus300362,1,10090,1139401286
12,48,162,URS000064CD71,1,Y,2015-10-19 22:12:25.000000,RNACEN,LN872386.1:1..122:ncRNA:snopy:Mus_musculus300363,1,10090,1139401287
12,48,162,URS00006C9C1D,1,Y,2015-10-19 22:12:25.000000,RNACEN,LN872340.1:1..130:ncRNA:snopy:Mus_musculus300364,1,10090,1139401288
12,48,162,URS0000668967,1,Y,2015-10-19 22:12:25.000000,RNACEN,LN872073.1:1..131:ncRNA:snopy:Mus_musculus300365,1,10090,1139401289
12,48,162,URS000072F203,1,Y,2015-10-19 22:12:25.000000,RNACEN,LN872132.1:1..124:ncRNA:snopy:Mus_musculus300366,1,10090,1139401290
12,48,162,URS000067A33E,1,Y,2015-10-19 22:12:25.000000,RNACEN,LN872515.1:1..114:ncRNA:snopy:Mus_musculus300367,1,10090,1139401291
12,48,162,URS0000649C8B,1,Y,2015-10-19 22:12:25.000000,RNACEN,LN872119.1:1..129:ncRNA:snopy:Mus_musculus300368,1,10090,1139401292
12,48,162,URS00006627AD,1,Y,2015-10-19 22:12:25.000000,RNACEN,LN872209.1:1..132:ncRNA:snopy:Mus_musculus300369,1,10090,1139401293
12,48,162,URS000067D14F,1,Y,2015-10-19 22:12:25.000000,RNACEN,LN872431.1:1..152:ncRNA:snopy:Mus_musculus300370,1,10090,1139401294
12,48,162,URS00006964EE,1,Y,2015-10-19 22:12:25.000000,RNACEN,LN872235.1:1..134:ncRNA:snopy:Mus_musculus300371,1,10090,1139401295
12,48,162,URS0000625E0D,1,Y,2015-10-19 22:12:25.000000,RNACEN,LN872325.1:1..129:ncRNA:snopy:Mus_musculus300372,1,10090,1139401296
12,48,162,URS00006F383A,1,Y,2015-10-19 22:12:25.000000,RNACEN,LN872084.1:1..132:ncRNA:snopy:Mus_musculus300373,1,10090,1139401297
12,48,162,URS000065F295,1,Y,2015-10-19 22:12:25.000000,RNACEN,LN872186.1:1..132:ncRNA:snopy:Mus_musculus300374,1,10090,1139401298
12,48,162,URS000063D0F0,1,Y,2015-10-19 22:12:25.000000,RNACEN,LN872806.1:1..83:ncRNA:snopy:Mus_musculus300375,1,10090,1139401299
12,48,162,URS00006D0125,1,Y,2015-10-19 22:12:25.000000,RNACEN,LN872236.1:1..134:ncRNA:snopy:Mus_musculus300376,1,10090,1139401300
12,48,162,URS000071DC55,1,Y,2015-10-19 22:12:25.000000,RNACEN,LN872531.1:1..136:ncRNA:snopy:Mus_musculus300378,1,10090,1139401301
12,48,162,URS00006E70E5,1,Y,2015-10-19 22:12:25.000000,RNACEN,LN872140.1:1..131:ncRNA:snopy:Mus_musculus300379,1,10090,1139401302
12,48,162,URS00006D4C36,1,Y,2015-10-19 22:12:25.000000,RNACEN,LN872153.1:1..131:ncRNA:snopy:Mus_musculus300380,1,10090,1139401303
12,48,162,URS00006BB694,1,Y,2015-10-19 22:12:25.000000,RNACEN,LN872250.1:1..126:ncRNA:snopy:Mus_musculus300381,1,10090,1139401304
12,48,162,URS000070DCA0,1,Y,2015-10-19 22:12:25.000000,RNACEN,LN872061.1:1..134:ncRNA:snopy:Mus_musculus300382,1,10090,1139401305
12,48,162,URS000083E9DE,1,Y,2015-10-19 22:12:25.000000,RNACEN,LN872450.1:1..129:ncRNA:snopy:Mus_musculus300383,1,10090,1139401306
12,48,162,URS00006646DC,1,Y,2015-10-19 22:12:25.000000,RNACEN,LN872172.1:1..130:ncRNA:snopy:Mus_musculus300384,1,10090,1139401307
12,48,162,URS0000685EA4,1,Y,2015-10-19 22:12:25.000000,RNACEN,LN872171.1:1..143:ncRNA:snopy:Mus_musculus300385,1,10090,1139401308
12,48,162,URS00006F1E65,1,Y,2015-10-19 22:12:25.000000,RNACEN,LN872094.1:1..129:ncRNA:snopy:Mus_musculus300386,1,10090,1139401309
12,48,162,URS000070A598,1,Y,2015-10-19 22:12:25.000000,RNACEN,LN872050.1:1..133:ncRNA:snopy:Mus_musculus300387,1,10090,1139401310
12,48,162,URS00006FE5DB,1,Y,2015-10-19 22:12:25.000000,RNACEN,LN872130.1:1..130:ncRNA:snopy:Mus_musculus300388,1,10090,1139401311
12,48,162,URS00006868AF,1,Y,2015-10-19 22:12:25.000000,RNACEN,LN872038.1:1..131:ncRNA:snopy:Mus_musculus300389,1,10090,1139401312
12,48,162,URS00006A2F7D,1,Y,2015-10-19 22:12:25.000000,RNACEN,LN872066.1:1..135:ncRNA:snopy:Mus_musculus300390,1,10090,1139401313
12,48,162,URS000070CE4A,1,Y,2015-10-19 22:12:25.000000,RNACEN,LN872391.1:1..128:ncRNA:snopy:Mus_musculus300391,1,10090,1139401314
12,48,162,URS0000634636,1,Y,2015-10-19 22:12:25.000000,RNACEN,LN871997.1:1..130:ncRNA:snopy:Mus_musculus300392,1,10090,1139401315
12,48,162,URS000064D4A8,1,Y,2015-10-19 22:12:25.000000,RNACEN,LN872067.1:1..132:ncRNA:snopy:Mus_musculus300393,1,10090,1139401316
12,48,162,URS0000862200,1,Y,2015-10-19 22:12:25.000000,RNACEN,LN872561.1:1..125:ncRNA:snopy:Mus_musculus300394,1,10090,1139401317
12,48,162,URS00006BCC40,1,Y,2015-10-19 22:12:25.000000,RNACEN,LN872167.1:1..134:ncRNA:snopy:Mus_musculus300395,1,10090,1139401318
12,48,162,URS000072BF8D,1,Y,2015-10-19 22:12:25.000000,RNACEN,LN872161.1:1..125:ncRNA:snopy:Mus_musculus300396,1,10090,1139401319
12,48,162,URS00008385FB,1,Y,2015-10-19 22:12:25.000000,RNACEN,LN872397.1:1..116:ncRNA:snopy:Mus_musculus300397,1,10090,1139401320
12,48,162,URS000071C7A3,1,Y,2015-10-19 22:12:25.000000,RNACEN,LN872574.1:1..133:ncRNA:snopy:Mus_musculus300398,1,10090,1139401321
12,48,162,URS00006EE47F,1,Y,2015-10-19 22:12:25.000000,RNACEN,LN872100.1:1..126:ncRNA:snopy:Mus_musculus300399,1,10090,1139401322
12,48,162,URS00008623A0,1,Y,2015-10-19 22:12:25.000000,RNACEN,LN872467.1:1..132:ncRNA:snopy:Mus_musculus300400,1,10090,1139401323
12,48,162,URS000070873A,1,Y,2015-10-19 22:12:25.000000,RNACEN,LN872529.1:1..141:ncRNA:snopy:Mus_musculus300401,1,10090,1139401324
12,48,162,URS000084043A,1,Y,2015-10-19 22:12:25.000000,RNACEN,LN872160.1:1..127:ncRNA:snopy:Mus_musculus300403,1,10090,1139401325
12,48,162,URS00006CD187,1,Y,2015-10-19 22:12:25.000000,RNACEN,LN872135.1:1..129:ncRNA:snopy:Mus_musculus300404,1,10090,1139401326
12,48,162,URS0000726D14,1,Y,2015-10-19 22:12:25.000000,RNACEN,LN872048.1:1..130:ncRNA:snopy:Mus_musculus300405,1,10090,1139401327
12,48,162,URS000063847B,1,Y,2015-10-19 22:12:25.000000,RNACEN,LN872306.1:1..129:ncRNA:snopy:Mus_musculus300406,1,10090,1139401328
12,48,162,URS00006EFD05,1,Y,2015-10-19 22:12:25.000000,RNACEN,LN872222.1:1..132:ncRNA:snopy:Mus_musculus300407,1,10090,1139401329
12,48,162,URS00006EE6C5,1,Y,2015-10-19 22:12:25.000000,RNACEN,LN872516.1:1..121:ncRNA:snopy:Mus_musculus300408,1,10090,1139401330
12,48,162,URS00006F176E,1,Y,2015-10-19 22:12:25.000000,RNACEN,LN872184.1:1..130:ncRNA:snopy:Mus_musculus300409,1,10090,1139401331
12,48,162,URS000065ACFC,1,Y,2015-10-19 22:12:25.000000,RNACEN,LN872492.1:1..148:ncRNA:snopy:Mus_musculus300410,1,10090,1139401332
12,48,162,URS00006380D7,1,Y,2015-10-19 22:12:25.000000,RNACEN,LN872530.1:1..133:ncRNA:snopy:Mus_musculus300411,1,10090,1139401333
12,48,162,URS000066C4CB,1,Y,2015-10-19 22:12:25.000000,RNACEN,LN872056.1:1..130:ncRNA:snopy:Mus_musculus300412,1,10090,1139401334
12,48,162,URS0000678575,1,Y,2015-10-19 22:12:25.000000,RNACEN,LN872532.1:1..129:ncRNA:snopy:Mus_musculus300413,1,10090,1139401335
12,48,162,URS0000698611,1,Y,2015-10-19 22:12:25.000000,RNACEN,LN872043.1:1..135:ncRNA:snopy:Mus_musculus300414,1,10090,1139401336
12,48,162,URS0000649ED9,1,Y,2015-10-19 22:12:25.000000,RNACEN,LN872546.1:1..134:ncRNA:snopy:Mus_musculus300415,1,10090,1139401337
12,48,162,URS000066AE27,1,Y,2015-10-19 22:12:25.000000,RNACEN,LN872354.1:1..137:ncRNA:snopy:Mus_musculus300416,1,10090,1139401338
12,48,162,URS0000692CF6,1,Y,2015-10-19 22:12:25.000000,RNACEN,LN872582.1:1..131:ncRNA:snopy:Mus_musculus300417,1,10090,1139401339
12,48,162,URS00006E5FFE,1,Y,2015-10-19 22:12:25.000000,RNACEN,LN872583.1:1..113:ncRNA:snopy:Mus_musculus300418,1,10090,1139401340
12,48,162,URS000070CBF5,1,Y,2015-10-19 22:12:25.000000,RNACEN,LN872584.1:1..132:ncRNA:snopy:Mus_musculus300419,1,10090,1139401341
12,48,162,URS00006247D2,1,Y,2015-10-19 22:12:25.000000,RNACEN,LN872580.1:1..131:ncRNA:snopy:Mus_musculus300420,1,10090,1139401342
12,48,162,URS000083A936,1,Y,2015-10-19 22:12:25.000000,RNACEN,LN872430.1:1..117:ncRNA:snopy:Mus_musculus300421,1,10090,1139401343
12,48,162,URS00006B9225,1,Y,2015-10-19 22:12:25.000000,RNACEN,LN872409.1:1..129:ncRNA:snopy:Mus_musculus300422,1,10090,1139401344
12,48,162,URS00006FB941,1,Y,2015-10-19 22:12:25.000000,RNACEN,LN872025.1:1..132:ncRNA:snopy:Mus_musculus300423,1,10090,1139401345
12,48,162,URS0000633E9C,1,Y,2015-10-19 22:12:25.000000,RNACEN,LN872181.1:1..132:ncRNA:snopy:Mus_musculus300424,1,10090,1139401346
12,48,162,URS00006D1D19,1,Y,2015-10-19 22:12:25.000000,RNACEN,LN872293.1:1..128:ncRNA:snopy:Mus_musculus300425,1,10090,1139401347
12,48,162,URS000065B881,1,Y,2015-10-19 22:12:25.000000,RNACEN,LN872448.1:1..136:ncRNA:snopy:Mus_musculus300426,1,10090,1139401348
12,48,162,URS000086195A,1,Y,2015-10-19 22:12:25.000000,RNACEN,LN872526.1:1..135:ncRNA:snopy:Mus_musculus300427,1,10090,1139401349
12,48,162,URS00006F6532,1,Y,2015-10-19 22:12:25.000000,RNACEN,LN872486.1:1..131:ncRNA:snopy:Mus_musculus300428,1,10090,1139401350
12,48,162,URS0000686F45,1,Y,2015-10-19 22:12:25.000000,RNACEN,LN872113.1:1..133:ncRNA:snopy:Mus_musculus300429,1,10090,1139401351
12,48,162,URS0000836650,1,Y,2015-10-19 22:12:25.000000,RNACEN,LN872521.1:1..131:ncRNA:snopy:Mus_musculus300430,1,10090,1139401352
12,48,162,URS000083AEDE,1,Y,2015-10-19 22:12:25.000000,RNACEN,LN872321.1:1..127:ncRNA:snopy:Mus_musculus300431,1,10090,1139401353
12,48,162,URS0000691677,1,Y,2015-10-19 22:12:25.000000,RNACEN,LN872316.1:1..132:ncRNA:snopy:Mus_musculus300432,1,10090,1139401354
12,48,162,URS0000681D7A,1,Y,2015-10-19 22:12:25.000000,RNACEN,LN872027.1:1..132:ncRNA:snopy:Mus_musculus300433,1,10090,1139401355
12,48,162,URS000069BB42,1,Y,2015-10-19 22:12:25.000000,RNACEN,LN872558.1:1..129:ncRNA:snopy:Mus_musculus300434,1,10090,1139401356
12,48,162,URS00006D04D6,1,Y,2015-10-19 22:12:25.000000,RNACEN,LN872294.1:1..129:ncRNA:snopy:Mus_musculus300435,1,10090,1139401357
12,48,162,URS00007058CF,1,Y,2015-10-19 22:12:25.000000,RNACEN,LN872304.1:1..125:ncRNA:snopy:Mus_musculus300436,1,10090,1139401358
12,48,162,URS0000698DBE,1,Y,2015-10-19 22:12:25.000000,RNACEN,LN872317.1:1..130:ncRNA:snopy:Mus_musculus300437,1,10090,1139401359
12,48,162,URS00006DE979,1,Y,2015-10-19 22:12:25.000000,RNACEN,LN872246.1:1..132:ncRNA:snopy:Mus_musculus300438,1,10090,1139401360
12,48,162,URS00007138B2,1,Y,2015-10-19 22:12:25.000000,RNACEN,LN872725.1:1..79:ncRNA:snopy:Mus_musculus300439,1,10090,1139401361
12,48,162,URS000065C6BB,1,Y,2015-10-19 22:12:25.000000,RNACEN,LN872726.1:1..79:ncRNA:snopy:Mus_musculus300440,1,10090,1139401362
12,48,162,URS0000729037,1,Y,2015-10-19 22:12:25.000000,RNACEN,LN872727.1:1..79:ncRNA:snopy:Mus_musculus300441,1,10090,1139401363
12,48,162,URS000068301B,1,Y,2015-10-19 22:12:25.000000,RNACEN,LN872728.1:1..79:ncRNA:snopy:Mus_musculus300442,1,10090,1139401364
12,48,162,URS00006838B0,1,Y,2015-10-19 22:12:25.000000,RNACEN,LN872729.1:1..79:ncRNA:snopy:Mus_musculus300443,1,10090,1139401365
12,48,162,URS000066FBF5,1,Y,2015-10-19 22:12:25.000000,RNACEN,LN872131.1:1..132:ncRNA:snopy:Mus_musculus300444,1,10090,1139401366
12,48,162,URS00006523C7,1,Y,2015-10-19 22:12:25.000000,RNACEN,LN872259.1:1..132:ncRNA:snopy:Mus_musculus300445,1,10090,1139401367
12,48,162,URS000085D711,1,Y,2015-10-19 22:12:25.000000,RNACEN,LN872489.1:1..113:ncRNA:snopy:Mus_musculus300446,1,10090,1139401368
12,48,162,URS000067FDC1,1,Y,2015-10-19 22:12:25.000000,RNACEN,LN872303.1:1..128:ncRNA:snopy:Mus_musculus300447,1,10090,1139401369
12,48,162,URS000069AB4E,1,Y,2015-10-19 22:12:25.000000,RNACEN,LN872299.1:1..132:ncRNA:snopy:Mus_musculus300449,1,10090,1139401370
12,48,162,URS0000709046,1,Y,2015-10-19 22:12:25.000000,RNACEN,LN872312.1:1..136:ncRNA:snopy:Mus_musculus300450,1,10090,1139401371
12,48,162,URS000071C686,1,Y,2015-10-19 22:12:25.000000,RNACEN,LN871978.1:1..132:ncRNA:snopy:Mus_musculus300451,1,10090,1139401372
12,48,162,URS00007002B0,1,Y,2015-10-19 22:12:25.000000,RNACEN,LN872174.1:1..133:ncRNA:snopy:Mus_musculus300452,1,10090,1139401373
12,48,162,URS00006AC767,1,Y,2015-10-19 22:12:25.000000,RNACEN,LN872124.1:1..132:ncRNA:snopy:Mus_musculus300453,1,10090,1139401374
12,48,162,URS00006DAE66,1,Y,2015-10-19 22:12:25.000000,RNACEN,LN872146.1:1..124:ncRNA:snopy:Mus_musculus300454,1,10090,1139401375
12,48,162,URS0000863669,1,Y,2015-10-19 22:12:25.000000,RNACEN,LN872260.1:1..133:ncRNA:snopy:Mus_musculus300455,1,10090,1139401376
12,48,162,URS000068503E,1,Y,2015-10-19 22:12:25.000000,RNACEN,LN872348.1:1..137:ncRNA:snopy:Mus_musculus300456,1,10090,1139401377
12,48,162,URS00007137A7,1,Y,2015-10-19 22:12:25.000000,RNACEN,LN872059.1:1..117:ncRNA:snopy:Mus_musculus300457,1,10090,1139401378
12,48,162,URS0000629CF6,1,Y,2015-10-19 22:12:25.000000,RNACEN,LN872266.1:1..128:ncRNA:snopy:Mus_musculus300458,1,10090,1139401379
12,48,162,URS0000843A39,1,Y,2015-10-19 22:12:25.000000,RNACEN,LN872564.1:1..135:ncRNA:snopy:Mus_musculus300459,1,10090,1139401380
12,48,162,URS00006F383B,1,Y,2015-10-19 22:12:25.000000,RNACEN,LN872191.1:1..130:ncRNA:snopy:Mus_musculus300460,1,10090,1139401381
12,48,162,URS000070EDE2,1,Y,2015-10-19 22:12:25.000000,RNACEN,LN872349.1:1..137:ncRNA:snopy:Mus_musculus300461,1,10090,1139401382
12,48,162,URS00006BFB9B,1,Y,2015-10-19 22:12:25.000000,RNACEN,LN872240.1:1..132:ncRNA:snopy:Mus_musculus300462,1,10090,1139401383
12,48,162,URS00006E2B0D,1,Y,2015-10-19 22:12:25.000000,RNACEN,LN872120.1:1..123:ncRNA:snopy:Mus_musculus300463,1,10090,1139401384
12,48,162,URS0000681DD3,1,Y,2015-10-19 22:12:25.000000,RNACEN,LN872149.1:1..132:ncRNA:snopy:Mus_musculus300464,1,10090,1139401385
12,48,162,URS000063661D,1,Y,2015-10-19 22:12:25.000000,RNACEN,LN872071.1:1..131:ncRNA:snopy:Mus_musculus300465,1,10090,1139401386
12,48,162,URS00006884F4,1,Y,2015-10-19 22:12:25.000000,RNACEN,LN872302.1:1..130:ncRNA:snopy:Mus_musculus300466,1,10090,1139401387
12,48,162,URS000072DDA8,1,Y,2015-10-19 22:12:25.000000,RNACEN,LN872444.1:1..136:ncRNA:snopy:Mus_musculus300467,1,10090,1139401388
12,48,162,URS00006B3C4C,1,Y,2015-10-19 22:12:25.000000,RNACEN,LN872385.1:1..131:ncRNA:snopy:Mus_musculus300468,1,10090,1139401389
12,48,162,URS00006CBE40,1,Y,2015-10-19 22:12:25.000000,RNACEN,LN872030.1:1..131:ncRNA:snopy:Mus_musculus300469,1,10090,1139401390
12,48,162,URS0000856C7E,1,Y,2015-10-19 22:12:25.000000,RNACEN,LN872548.1:1..133:ncRNA:snopy:Mus_musculus300470,1,10090,1139401391
12,48,162,URS00007229D5,1,Y,2015-10-19 22:12:25.000000,RNACEN,LN872322.1:1..132:ncRNA:snopy:Mus_musculus300471,1,10090,1139401392
12,48,162,URS0000654553,1,Y,2015-10-19 22:12:25.000000,RNACEN,LN872563.1:1..135:ncRNA:snopy:Mus_musculus300472,1,10090,1139401393
12,48,162,URS0000644BB0,1,Y,2015-10-19 22:12:25.000000,RNACEN,LN872015.1:1..128:ncRNA:snopy:Mus_musculus300473,1,10090,1139401394
12,48,162,URS00006C8AD8,1,Y,2015-10-19 22:12:25.000000,RNACEN,LN872001.1:1..126:ncRNA:snopy:Mus_musculus300474,1,10090,1139401395
12,48,162,URS000068161E,1,Y,2015-10-19 22:12:25.000000,RNACEN,LN872006.1:1..132:ncRNA:snopy:Mus_musculus300476,1,10090,1139401396
12,48,162,URS00006ECED7,1,Y,2015-10-19 22:12:25.000000,RNACEN,LN872364.1:1..130:ncRNA:snopy:Mus_musculus300477,1,10090,1139401397
12,48,162,URS00006CB14B,1,Y,2015-10-19 22:12:25.000000,RNACEN,LN872098.1:1..134:ncRNA:snopy:Mus_musculus300478,1,10090,1139401398
12,48,162,URS0000868501,1,Y,2015-10-19 22:12:25.000000,RNACEN,LN872369.1:1..127:ncRNA:snopy:Mus_musculus300479,1,10090,1139401399
12,48,162,URS000071D70A,1,Y,2015-10-19 22:12:25.000000,RNACEN,LN872082.1:1..129:ncRNA:snopy:Mus_musculus300480,1,10090,1139401400
12,48,162,URS0000855599,1,Y,2015-10-19 22:12:25.000000,RNACEN,LN872562.1:1..116:ncRNA:snopy:Mus_musculus300481,1,10090,1139401401
12,48,162,URS000064A7AA,1,Y,2015-10-19 22:12:25.000000,RNACEN,LN872093.1:1..128:ncRNA:snopy:Mus_musculus300482,1,10090,1139401402
12,48,162,URS000067B9BE,1,Y,2015-10-19 22:12:25.000000,RNACEN,LN872080.1:1..129:ncRNA:snopy:Mus_musculus300483,1,10090,1139401403
12,48,162,URS00006D2D1F,1,Y,2015-10-19 22:12:25.000000,RNACEN,LN872133.1:1..132:ncRNA:snopy:Mus_musculus300484,1,10090,1139401404
12,48,162,URS00006FC7DA,1,Y,2015-10-19 22:12:25.000000,RNACEN,LN872247.1:1..129:ncRNA:snopy:Mus_musculus300485,1,10090,1139401405
12,48,162,URS000069F621,1,Y,2015-10-19 22:12:25.000000,RNACEN,LN872478.1:1..132:ncRNA:snopy:Mus_musculus300486,1,10090,1139401406
12,48,162,URS00006EDBE9,1,Y,2015-10-19 22:12:25.000000,RNACEN,LN872086.1:1..130:ncRNA:snopy:Mus_musculus300487,1,10090,1139401407
12,48,162,URS0000726CAE,1,Y,2015-10-19 22:12:25.000000,RNACEN,LN872070.1:1..132:ncRNA:snopy:Mus_musculus300488,1,10090,1139401408
12,48,162,URS0000641B26,1,Y,2015-10-19 22:12:25.000000,RNACEN,LN872906.1:1..82:ncRNA:snopy:Mus_musculus300489,1,10090,1139401409
12,48,162,URS0000664EE7,1,Y,2015-10-19 22:12:25.000000,RNACEN,LN872488.1:1..100:ncRNA:snopy:Mus_musculus300490,1,10090,1139401410
12,48,162,URS00006694F5,1,Y,2015-10-19 22:12:25.000000,RNACEN,LN872033.1:1..130:ncRNA:snopy:Mus_musculus300491,1,10090,1139401411
12,48,162,URS0000684847,1,Y,2015-10-19 22:12:25.000000,RNACEN,LN872042.1:1..129:ncRNA:snopy:Mus_musculus300492,1,10090,1139401412
12,48,162,URS00006238CA,1,Y,2015-10-19 22:12:25.000000,RNACEN,LN872055.1:1..131:ncRNA:snopy:Mus_musculus300493,1,10090,1139401413
12,48,162,URS00006AFB80,1,Y,2015-10-19 22:12:25.000000,RNACEN,LN872527.1:1..143:ncRNA:snopy:Mus_musculus300494,1,10090,1139401414
12,48,162,URS00006F17ED,1,Y,2015-10-19 22:12:25.000000,RNACEN,LN872202.1:1..134:ncRNA:snopy:Mus_musculus300495,1,10090,1139401415
12,48,162,URS00006E50EC,1,Y,2015-10-19 22:12:25.000000,RNACEN,LN872255.1:1..132:ncRNA:snopy:Mus_musculus300496,1,10090,1139401416
12,48,162,URS000065511B,1,Y,2015-10-19 22:12:25.000000,RNACEN,LN872267.1:1..131:ncRNA:snopy:Mus_musculus300497,1,10090,1139401417
12,48,162,URS000068F1A0,1,Y,2015-10-19 22:12:25.000000,RNACEN,LN872457.1:1..129:ncRNA:snopy:Mus_musculus300498,1,10090,1139401418
12,48,162,URS0000660599,1,Y,2015-10-19 22:12:25.000000,RNACEN,LN872052.1:1..132:ncRNA:snopy:Mus_musculus300499,1,10090,1139401419
12,48,162,URS00007107D5,1,Y,2015-10-19 22:12:25.000000,RNACEN,LN872362.1:1..121:ncRNA:snopy:Mus_musculus300500,1,10090,1139401420
12,48,162,URS0000668BFD,1,Y,2015-10-19 22:12:25.000000,RNACEN,LN872460.1:1..136:ncRNA:snopy:Mus_musculus300501,1,10090,1139401421
12,48,162,URS000062CAB9,1,Y,2015-10-19 22:12:25.000000,RNACEN,LN872232.1:1..119:ncRNA:snopy:Mus_musculus300502,1,10090,1139401422
12,48,162,URS000066B419,1,Y,2015-10-19 22:12:25.000000,RNACEN,LN872216.1:1..130:ncRNA:snopy:Mus_musculus300503,1,10090,1139401423
12,48,162,URS00006EEDC0,1,Y,2015-10-19 22:12:25.000000,RNACEN,LN872074.1:1..126:ncRNA:snopy:Mus_musculus300504,1,10090,1139401424
12,48,162,URS0000674FDA,1,Y,2015-10-19 22:12:25.000000,RNACEN,LN872091.1:1..129:ncRNA:snopy:Mus_musculus300505,1,10090,1139401425
12,48,162,URS000071FEB9,1,Y,2015-10-19 22:12:25.000000,RNACEN,LN872285.1:1..131:ncRNA:snopy:Mus_musculus300506,1,10090,1139401426
12,48,162,URS00006DD5E5,1,Y,2015-10-19 22:12:25.000000,RNACEN,LN872276.1:1..132:ncRNA:snopy:Mus_musculus300507,1,10090,1139401427
12,48,162,URS000065230D,1,Y,2015-10-19 22:12:25.000000,RNACEN,LN872007.1:1..131:ncRNA:snopy:Mus_musculus300508,1,10090,1139401428
12,48,162,URS0000632744,1,Y,2015-10-19 22:12:25.000000,RNACEN,LN872861.1:1..72:ncRNA:snopy:Mus_musculus300509,1,10090,1139401429
12,48,162,URS000071C696,1,Y,2015-10-19 22:12:25.000000,RNACEN,LN872157.1:1..131:ncRNA:snopy:Mus_musculus300510,1,10090,1139401430
12,48,162,URS00006B84CF,1,Y,2015-10-19 22:12:25.000000,RNACEN,LN872039.1:1..132:ncRNA:snopy:Mus_musculus300511,1,10090,1139401431
12,48,162,URS00006EE496,1,Y,2015-10-19 22:12:25.000000,RNACEN,LN872290.1:1..125:ncRNA:snopy:Mus_musculus300512,1,10090,1139401432
12,48,162,URS00006EA39A,1,Y,2015-10-19 22:12:25.000000,RNACEN,LN872004.1:1..128:ncRNA:snopy:Mus_musculus300513,1,10090,1139401433
12,48,162,URS00006EAF84,1,Y,2015-10-19 22:12:25.000000,RNACEN,LN872096.1:1..132:ncRNA:snopy:Mus_musculus300514,1,10090,1139401434
12,48,162,URS0000623162,1,Y,2015-10-19 22:12:25.000000,RNACEN,LN872005.1:1..132:ncRNA:snopy:Mus_musculus300515,1,10090,1139401435
12,48,162,URS000062A880,1,Y,2015-10-19 22:12:25.000000,RNACEN,LN872256.1:1..125:ncRNA:snopy:Mus_musculus300516,1,10090,1139401436
12,48,162,URS000063459F,1,Y,2015-10-19 22:12:25.000000,RNACEN,LN872182.1:1..131:ncRNA:snopy:Mus_musculus300517,1,10090,1139401437
12,48,162,URS00006E1E39,1,Y,2015-10-19 22:12:25.000000,RNACEN,LN872213.1:1..132:ncRNA:snopy:Mus_musculus300518,1,10090,1139401438
12,48,162,URS00006BFB21,1,Y,2015-10-19 22:12:25.000000,RNACEN,LN872208.1:1..133:ncRNA:snopy:Mus_musculus300519,1,10090,1139401439
12,48,162,URS0000677952,1,Y,2015-10-19 22:12:25.000000,RNACEN,LN872433.1:1..127:ncRNA:snopy:Mus_musculus300520,1,10090,1139401440
12,48,162,URS00007260C9,1,Y,2015-10-19 22:12:25.000000,RNACEN,LN872194.1:1..132:ncRNA:snopy:Mus_musculus300521,1,10090,1139401441
12,48,162,URS00006DB5B2,1,Y,2015-10-19 22:12:25.000000,RNACEN,LN872154.1:1..120:ncRNA:snopy:Mus_musculus300522,1,10090,1139401442
12,48,162,URS000069CBA4,1,Y,2015-10-19 22:12:25.000000,RNACEN,LN872068.1:1..132:ncRNA:snopy:Mus_musculus300523,1,10090,1139401443
12,48,162,URS000064FE49,1,Y,2015-10-19 22:12:25.000000,RNACEN,LN872907.1:1..88:ncRNA:snopy:Mus_musculus300524,1,10090,1139401444
12,48,162,URS00006F4219,1,Y,2015-10-19 22:12:25.000000,RNACEN,LN872054.1:1..132:ncRNA:snopy:Mus_musculus300525,1,10090,1139401445
12,48,162,URS000062DFDD,1,Y,2015-10-19 22:12:25.000000,RNACEN,LN872608.1:1..129:ncRNA:snopy:Mus_musculus300526,1,10090,1139401446
12,48,162,URS0000728871,1,Y,2015-10-19 22:12:25.000000,RNACEN,LN872274.1:1..132:ncRNA:snopy:Mus_musculus300527,1,10090,1139401447
12,48,162,URS0000728AA6,1,Y,2015-10-19 22:12:25.000000,RNACEN,LN872627.1:1..73:ncRNA:snopy:Mus_musculus300528,1,10090,1139401448
12,48,162,URS00006C0533,1,Y,2015-10-19 22:12:25.000000,RNACEN,LN872628.1:1..72:ncRNA:snopy:Mus_musculus300529,1,10090,1139401449
12,48,162,URS00006502FC,1,Y,2015-10-19 22:12:25.000000,RNACEN,LN872629.1:1..72:ncRNA:snopy:Mus_musculus300530,1,10090,1139401450
12,48,162,URS0000683847,1,Y,2015-10-19 22:12:25.000000,RNACEN,LN872630.1:1..72:ncRNA:snopy:Mus_musculus300531,1,10090,1139401451
12,48,162,URS000072AE2B,1,Y,2015-10-19 22:12:25.000000,RNACEN,LN872631.1:1..72:ncRNA:snopy:Mus_musculus300532,1,10090,1139401452
12,48,162,URS00006235AC,1,Y,2015-10-19 22:12:25.000000,RNACEN,LN872578.1:1..131:ncRNA:snopy:Mus_musculus300533,1,10090,1139401453
12,48,162,URS00006793E3,1,Y,2015-10-19 22:12:25.000000,RNACEN,LN872497.1:1..129:ncRNA:snopy:Mus_musculus300534,1,10090,1139401454
12,48,162,URS000085D5F2,1,Y,2015-10-19 22:12:25.000000,RNACEN,LN872538.1:1..137:ncRNA:snopy:Mus_musculus300535,1,10090,1139401455
12,48,162,URS00006513AE,1,Y,2015-10-19 22:12:25.000000,RNACEN,LN872287.1:1..129:ncRNA:snopy:Mus_musculus300536,1,10090,1139401456
12,48,162,URS00006B11E3,1,Y,2015-10-19 22:12:25.000000,RNACEN,LN872883.1:1..67:ncRNA:snopy:Mus_musculus300537,1,10090,1139401457
12,48,162,URS0000634ABA,1,Y,2015-10-19 22:12:25.000000,RNACEN,LN872189.1:1..132:ncRNA:snopy:Mus_musculus300538,1,10090,1139401458
12,48,162,URS000062F64D,1,Y,2015-10-19 22:12:25.000000,RNACEN,LN872062.1:1..127:ncRNA:snopy:Mus_musculus300539,1,10090,1139401459
12,48,162,URS000069351A,1,Y,2015-10-19 22:12:25.000000,RNACEN,LN872002.1:1..124:ncRNA:snopy:Mus_musculus300540,1,10090,1139401460
12,48,162,URS00006B7F2C,1,Y,2015-10-19 22:12:25.000000,RNACEN,LN872085.1:1..132:ncRNA:snopy:Mus_musculus300541,1,10090,1139401461
12,48,162,URS00006BF329,1,Y,2015-10-19 22:12:25.000000,RNACEN,LN872851.1:1..80:ncRNA:snopy:Mus_musculus300542,1,10090,1139401462
12,48,162,URS000069EC6D,1,Y,2015-10-19 22:12:25.000000,RNACEN,LN872913.1:1..110:ncRNA:snopy:Mus_musculus300543,1,10090,1139401463
12,48,162,URS000065C1BB,1,Y,2015-10-19 22:12:25.000000,RNACEN,LN872262.1:1..133:ncRNA:snopy:Mus_musculus300544,1,10090,1139401464
12,48,162,URS00006E1147,1,Y,2015-10-19 22:12:25.000000,RNACEN,LN871996.1:1..134:ncRNA:snopy:Mus_musculus300545,1,10090,1139401465
12,48,162,URS0000629D95,1,Y,2015-10-19 22:12:25.000000,RNACEN,LN872128.1:1..128:ncRNA:snopy:Mus_musculus300546,1,10090,1139401466
12,48,162,URS0000715788,1,Y,2015-10-19 22:12:25.000000,RNACEN,LN872111.1:1..132:ncRNA:snopy:Mus_musculus300547,1,10090,1139401467
12,48,162,URS00006AE85B,1,Y,2015-10-19 22:12:25.000000,RNACEN,LN872300.1:1..126:ncRNA:snopy:Mus_musculus300548,1,10090,1139401468
12,48,162,URS0000865B71,1,Y,2015-10-19 22:12:25.000000,RNACEN,LN872097.1:1..130:ncRNA:snopy:Mus_musculus300549,1,10090,1139401469
12,48,162,URS00006E9ED3,1,Y,2015-10-19 22:12:25.000000,RNACEN,LN872597.1:1..196:ncRNA:snopy:Mus_musculus300550,1,10090,1139401470
12,48,162,URS000085DB90,1,Y,2015-10-19 22:12:25.000000,RNACEN,LN872281.1:1..130:ncRNA:snopy:Mus_musculus300551,1,10090,1139401471
12,48,162,URS0000715D43,1,Y,2015-10-19 22:12:25.000000,RNACEN,LN872318.1:1..119:ncRNA:snopy:Mus_musculus300552,1,10090,1139401472
12,48,162,URS000069CCC8,1,Y,2015-10-19 22:12:25.000000,RNACEN,LN872220.1:1..125:ncRNA:snopy:Mus_musculus300553,1,10090,1139401473
12,48,162,URS000084963C,1,Y,2015-10-19 22:12:25.000000,RNACEN,LN872579.1:1..134:ncRNA:snopy:Mus_musculus300554,1,10090,1139401474
12,48,162,URS000085B044,1,Y,2015-10-19 22:12:25.000000,RNACEN,LN872511.1:1..102:ncRNA:snopy:Mus_musculus300555,1,10090,1139401475
12,48,162,URS0000665541,1,Y,2015-10-19 22:12:25.000000,RNACEN,LN872445.1:1..134:ncRNA:snopy:Mus_musculus300556,1,10090,1139401476
12,48,162,URS0000698512,1,Y,2015-10-19 22:12:25.000000,RNACEN,LN872517.1:1..129:ncRNA:snopy:Mus_musculus300557,1,10090,1139401477
12,48,162,URS0000722927,1,Y,2015-10-19 22:12:25.000000,RNACEN,LN872229.1:1..130:ncRNA:snopy:Mus_musculus300558,1,10090,1139401478
12,48,162,URS000067F55A,1,Y,2015-10-19 22:12:25.000000,RNACEN,LN872833.1:1..69:ncRNA:snopy:Mus_musculus300559,1,10090,1139401479
12,48,162,URS000067B3BE,1,Y,2015-10-19 22:12:25.000000,RNACEN,LN872626.1:1..82:ncRNA:snopy:Mus_musculus300561,1,10090,1139401480
12,48,162,URS00006545C9,1,Y,2015-10-19 22:12:25.000000,RNACEN,LN872810.1:1..87:ncRNA:snopy:Mus_musculus300562,1,10090,1139401481
12,48,162,URS00006E661C,1,Y,2015-10-19 22:12:25.000000,RNACEN,LN872051.1:1..131:ncRNA:snopy:Mus_musculus300563,1,10090,1139401482
12,48,162,URS0000866F8C,1,Y,2015-10-19 22:12:25.000000,RNACEN,LN872589.1:1..200:ncRNA:snopy:Mus_musculus300564,1,10090,1139401483
12,48,162,URS00008497DF,1,Y,2015-10-19 22:12:25.000000,RNACEN,LN872402.1:1..119:ncRNA:snopy:Mus_musculus300565,1,10090,1139401484
12,48,162,URS000067C4B7,1,Y,2015-10-19 22:12:25.000000,RNACEN,LN872168.1:1..132:ncRNA:snopy:Mus_musculus300566,1,10090,1139401485
12,48,162,URS0000635B98,1,Y,2015-10-19 22:12:25.000000,RNACEN,LN872141.1:1..131:ncRNA:snopy:Mus_musculus300567,1,10090,1139401486
12,48,162,URS000072A402,1,Y,2015-10-19 22:12:25.000000,RNACEN,LN872164.1:1..131:ncRNA:snopy:Mus_musculus300568,1,10090,1139401487
12,48,162,URS000065D056,1,Y,2015-10-19 22:12:25.000000,RNACEN,LN872269.1:1..130:ncRNA:snopy:Mus_musculus300569,1,10090,1139401488
12,48,162,URS0000633FCC,1,Y,2015-10-19 22:12:25.000000,RNACEN,LN872196.1:1..123:ncRNA:snopy:Mus_musculus300570,1,10090,1139401489
12,48,162,URS00006F905B,1,Y,2015-10-19 22:12:25.000000,RNACEN,LN872264.1:1..132:ncRNA:snopy:Mus_musculus300571,1,10090,1139401490
12,48,162,URS000062F0E0,1,Y,2015-10-19 22:12:25.000000,RNACEN,LN872918.1:1..71:ncRNA:snopy:Mus_musculus300572,1,10090,1139401491
12,48,162,URS00006EEF2D,1,Y,2015-10-19 22:12:25.000000,RNACEN,LN872105.1:1..132:ncRNA:snopy:Mus_musculus300573,1,10090,1139401492
12,48,162,URS00006922D5,1,Y,2015-10-19 22:12:25.000000,RNACEN,LN872215.1:1..131:ncRNA:snopy:Mus_musculus300574,1,10090,1139401493
12,48,162,URS00006F73B7,1,Y,2015-10-19 22:12:25.000000,RNACEN,LN872087.1:1..131:ncRNA:snopy:Mus_musculus300575,1,10090,1139401494
12,48,162,URS0000630F49,1,Y,2015-10-19 22:12:25.000000,RNACEN,LN872401.1:1..122:ncRNA:snopy:Mus_musculus300576,1,10090,1139401495
12,48,162,URS00006FB033,1,Y,2015-10-19 22:12:25.000000,RNACEN,LN872500.1:1..128:ncRNA:snopy:Mus_musculus300577,1,10090,1139401496
12,48,162,URS00006B0DB6,1,Y,2015-10-19 22:12:25.000000,RNACEN,LN872615.1:1..133:ncRNA:snopy:Mus_musculus300578,1,10090,1139401497
12,48,162,URS00006CDE4F,1,Y,2015-10-19 22:12:25.000000,RNACEN,LN872064.1:1..132:ncRNA:snopy:Mus_musculus300579,1,10090,1139401498
12,48,162,URS0000666861,1,Y,2015-10-19 22:12:25.000000,RNACEN,LN872296.1:1..133:ncRNA:snopy:Mus_musculus300580,1,10090,1139401499
12,48,162,URS00006D635C,1,Y,2015-10-19 22:12:25.000000,RNACEN,LN872047.1:1..131:ncRNA:snopy:Mus_musculus300581,1,10090,1139401500
12,48,162,URS0000687762,1,Y,2015-10-19 22:12:25.000000,RNACEN,LN872053.1:1..132:ncRNA:snopy:Mus_musculus300582,1,10090,1139401501
12,48,162,URS000062CD8B,1,Y,2015-10-19 22:12:25.000000,RNACEN,LN872152.1:1..132:ncRNA:snopy:Mus_musculus300583,1,10090,1139401502
12,48,162,URS0000862199,1,Y,2015-10-19 22:12:25.000000,RNACEN,LN872603.1:1..135:ncRNA:snopy:Mus_musculus300584,1,10090,1139401503
12,48,162,URS00006D8E3D,1,Y,2015-10-19 22:12:25.000000,RNACEN,LN872041.1:1..132:ncRNA:snopy:Mus_musculus300585,1,10090,1139401504
12,48,162,URS000062D927,1,Y,2015-10-19 22:12:25.000000,RNACEN,LN872593.1:1..207:ncRNA:snopy:Mus_musculus300586,1,10090,1139401505
12,48,162,URS0000711062,1,Y,2015-10-19 22:12:25.000000,RNACEN,LN872104.1:1..132:ncRNA:snopy:Mus_musculus300587,1,10090,1139401506
12,48,162,URS00006AC275,1,Y,2015-10-19 22:12:25.000000,RNACEN,LN872143.1:1..136:ncRNA:snopy:Mus_musculus300588,1,10090,1139401507
12,48,162,URS00006B7616,1,Y,2015-10-19 22:12:25.000000,RNACEN,LN872193.1:1..130:ncRNA:snopy:Mus_musculus300589,1,10090,1139401508
12,48,162,URS00006C95DB,1,Y,2015-10-19 22:12:25.000000,RNACEN,LN872280.1:1..127:ncRNA:snopy:Mus_musculus300590,1,10090,1139401509
12,48,162,URS00006BD22F,1,Y,2015-10-19 22:12:25.000000,RNACEN,LN872075.1:1..136:ncRNA:snopy:Mus_musculus300591,1,10090,1139401510
12,48,162,URS0000672E04,1,Y,2015-10-19 22:12:25.000000,RNACEN,LN871999.1:1..130:ncRNA:snopy:Mus_musculus300592,1,10090,1139401511
12,48,162,URS00006974B8,1,Y,2015-10-19 22:12:25.000000,RNACEN,LN872226.1:1..136:ncRNA:snopy:Mus_musculus300593,1,10090,1139401512
12,48,162,URS000085C99E,1,Y,2015-10-19 22:12:25.000000,RNACEN,LN872449.1:1..115:ncRNA:snopy:Mus_musculus300594,1,10090,1139401513
12,48,162,URS000084061C,1,Y,2015-10-19 22:12:25.000000,RNACEN,LN872560.1:1..115:ncRNA:snopy:Mus_musculus300595,1,10090,1139401514
12,48,162,URS0000628619,1,Y,2015-10-19 22:12:25.000000,RNACEN,LN872034.1:1..132:ncRNA:snopy:Mus_musculus300596,1,10090,1139401515
12,48,162,URS0000697F3C,1,Y,2015-10-19 22:12:25.000000,RNACEN,LN872313.1:1..132:ncRNA:snopy:Mus_musculus300597,1,10090,1139401516
12,48,162,URS0000677A44,1,Y,2015-10-19 22:12:25.000000,RNACEN,LN872210.1:1..132:ncRNA:snopy:Mus_musculus300598,1,10090,1139401517
12,48,162,URS000071850A,1,Y,2015-10-19 22:12:25.000000,RNACEN,LN872179.1:1..131:ncRNA:snopy:Mus_musculus300599,1,10090,1139401518
12,48,162,URS000072E16D,1,Y,2015-10-19 22:12:25.000000,RNACEN,LN872009.1:1..132:ncRNA:snopy:Mus_musculus300600,1,10090,1139401519
12,48,162,URS00007083C0,1,Y,2015-10-19 22:12:25.000000,RNACEN,LN872475.1:1..130:ncRNA:snopy:Mus_musculus300601,1,10090,1139401520
12,48,162,URS000066362A,1,Y,2015-10-19 22:12:25.000000,RNACEN,LN872396.1:1..133:ncRNA:snopy:Mus_musculus300602,1,10090,1139401521
12,48,162,URS0000638F14,1,Y,2015-10-19 22:12:25.000000,RNACEN,LN872010.1:1..132:ncRNA:snopy:Mus_musculus300603,1,10090,1139401522
12,48,162,URS0000729B20,1,Y,2015-10-19 22:12:25.000000,RNACEN,LN872234.1:1..132:ncRNA:snopy:Mus_musculus300604,1,10090,1139401523
12,48,162,URS00006B3938,1,Y,2015-10-19 22:12:25.000000,RNACEN,LN872221.1:1..132:ncRNA:snopy:Mus_musculus300605,1,10090,1139401524
12,48,162,URS0000688114,1,Y,2015-10-19 22:12:25.000000,RNACEN,LN872072.1:1..129:ncRNA:snopy:Mus_musculus300606,1,10090,1139401525
12,48,162,URS0000851845,1,Y,2015-10-19 22:12:25.000000,RNACEN,LN872463.1:1..127:ncRNA:snopy:Mus_musculus300607,1,10090,1139401526
12,48,162,URS0000715B86,1,Y,2015-10-19 22:12:25.000000,RNACEN,LN872014.1:1..132:ncRNA:snopy:Mus_musculus300608,1,10090,1139401527
12,48,162,URS0000842588,1,Y,2015-10-19 22:12:25.000000,RNACEN,LN871979.1:1..131:ncRNA:snopy:Mus_musculus300609,1,10090,1139401528
12,48,162,URS00006CF48B,1,Y,2015-10-19 22:12:25.000000,RNACEN,LN871982.1:1..136:ncRNA:snopy:Mus_musculus300610,1,10090,1139401529
12,48,162,URS00006FBAC9,1,Y,2015-10-19 22:12:25.000000,RNACEN,LN872464.1:1..129:ncRNA:snopy:Mus_musculus300611,1,10090,1139401530
12,48,162,URS00006FB42E,1,Y,2015-10-19 22:12:25.000000,RNACEN,LN872502.1:1..130:ncRNA:snopy:Mus_musculus300612,1,10090,1139401531
12,48,162,URS000084027A,1,Y,2015-10-19 22:12:25.000000,RNACEN,LN872926.1:1..80:ncRNA:snopy:Mus_musculus300613,1,10090,1139401532
12,48,162,URS00006A47C4,1,Y,2015-10-19 22:12:25.000000,RNACEN,LN872163.1:1..128:ncRNA:snopy:Mus_musculus300614,1,10090,1139401533
12,48,162,URS00006FE8EC,1,Y,2015-10-19 22:12:25.000000,RNACEN,LN872865.1:1..66:ncRNA:snopy:Mus_musculus300615,1,10090,1139401534
12,48,162,URS00006820D4,1,Y,2015-10-19 22:12:25.000000,RNACEN,LN872856.1:1..63:ncRNA:snopy:Mus_musculus300616,1,10090,1139401535
12,48,162,URS0000867143,1,Y,2015-10-19 22:12:25.000000,RNACEN,LN872866.1:1..71:ncRNA:snopy:Mus_musculus300617,1,10090,1139401536
12,48,162,URS0000848130,1,Y,2015-10-19 22:12:25.000000,RNACEN,LN872361.1:1..117:ncRNA:snopy:Mus_musculus300618,1,10090,1139401537
12,48,162,URS00006E79A3,1,Y,2015-10-19 22:12:25.000000,RNACEN,LN872614.1:1..134:ncRNA:snopy:Mus_musculus300619,1,10090,1139401538
12,48,162,URS000072130D,1,Y,2015-10-19 22:12:25.000000,RNACEN,LN872245.1:1..132:ncRNA:snopy:Mus_musculus300620,1,10090,1139401539
12,48,162,URS0000708654,1,Y,2015-10-19 22:12:25.000000,RNACEN,LN872058.1:1..132:ncRNA:snopy:Mus_musculus300621,1,10090,1139401540
12,48,162,URS00006DF5BC,1,Y,2015-10-19 22:12:25.000000,RNACEN,LN872555.1:1..130:ncRNA:snopy:Mus_musculus300622,1,10090,1139401541
12,48,162,URS000068873D,1,Y,2015-10-19 22:12:25.000000,RNACEN,LN872345.1:1..136:ncRNA:snopy:Mus_musculus300623,1,10090,1139401542
12,48,162,URS000084A1F5,1,Y,2015-10-19 22:12:25.000000,RNACEN,LN872426.1:1..117:ncRNA:snopy:Mus_musculus300624,1,10090,1139401543
12,48,162,URS000064537D,1,Y,2015-10-19 22:12:25.000000,RNACEN,LN872323.1:1..131:ncRNA:snopy:Mus_musculus300625,1,10090,1139401544
12,48,162,URS0000835909,1,Y,2015-10-19 22:12:25.000000,RNACEN,LN872537.1:1..122:ncRNA:snopy:Mus_musculus300626,1,10090,1139401545
12,48,162,URS00006DBD89,1,Y,2015-10-19 22:12:25.000000,RNACEN,LN872142.1:1..126:ncRNA:snopy:Mus_musculus300628,1,10090,1139401546
12,48,162,URS000085B35E,1,Y,2015-10-19 22:12:25.000000,RNACEN,LN872487.1:1..127:ncRNA:snopy:Mus_musculus300629,1,10090,1139401547
12,48,162,URS00006F3061,1,Y,2015-10-19 22:12:25.000000,RNACEN,LN872298.1:1..130:ncRNA:snopy:Mus_musculus300631,1,10090,1139401548
12,48,162,URS0000671B10,1,Y,2015-10-19 22:12:25.000000,RNACEN,LN872263.1:1..132:ncRNA:snopy:Mus_musculus300632,1,10090,1139401549
12,48,162,URS000068233A,1,Y,2015-10-19 22:12:25.000000,RNACEN,LN872277.1:1..132:ncRNA:snopy:Mus_musculus300633,1,10090,1139401550
12,48,162,URS0000685EB3,1,Y,2015-10-19 22:12:25.000000,RNACEN,LN872360.1:1..132:ncRNA:snopy:Mus_musculus300634,1,10090,1139401551
12,48,162,URS000072C471,1,Y,2015-10-19 22:12:25.000000,RNACEN,LN872592.1:1..203:ncRNA:snopy:Mus_musculus300635,1,10090,1139401552
12,48,162,URS000066EA45,1,Y,2015-10-19 22:12:25.000000,RNACEN,LN872225.1:1..130:ncRNA:snopy:Mus_musculus300636,1,10090,1139401553
12,48,162,URS0000670D28,1,Y,2015-10-19 22:12:25.000000,RNACEN,LN872145.1:1..128:ncRNA:snopy:Mus_musculus300637,1,10090,1139401554
12,48,162,URS0000185B4A,1,Y,2015-10-19 22:12:25.000000,RNACEN,LN872897.1:1..66:ncRNA:snopy:Mus_musculus300638,1,10090,1139401555
12,48,162,URS0000859BFD,1,Y,2015-10-19 22:12:25.000000,RNACEN,LN872898.1:1..74:ncRNA:snopy:Mus_musculus300639,1,10090,1139401556
12,48,162,URS000070317C,1,Y,2015-10-19 22:12:25.000000,RNACEN,LN872928.1:1..81:ncRNA:snopy:Mus_musculus300640,1,10090,1139401557
12,48,162,URS0000716DA8,1,Y,2015-10-19 22:12:25.000000,RNACEN,LN872855.1:1..77:ncRNA:snopy:Mus_musculus300641,1,10090,1139401558
12,48,162,URS00005D7343,1,Y,2015-10-19 22:12:25.000000,RNACEN,LN872900.1:1..76:ncRNA:snopy:Mus_musculus300642,1,10090,1139401559
12,48,162,URS0000852A8D,1,Y,2015-10-19 22:12:25.000000,RNACEN,LN872512.1:1..130:ncRNA:snopy:Mus_musculus300643,1,10090,1139401560
12,48,162,URS00006CABD7,1,Y,2015-10-19 22:12:25.000000,RNACEN,LN872308.1:1..123:ncRNA:snopy:Mus_musculus300644,1,10090,1139401561
12,48,162,URS000071A7F3,1,Y,2015-10-19 22:12:25.000000,RNACEN,LN872730.1:1..69:ncRNA:snopy:Mus_musculus300645,1,10090,1139401562
12,48,162,URS0000681BB4,1,Y,2015-10-19 22:12:25.000000,RNACEN,LN872731.1:1..79:ncRNA:snopy:Mus_musculus300646,1,10090,1139401563
12,48,162,URS00008648B0,1,Y,2015-10-19 22:12:25.000000,RNACEN,LN872732.1:1..70:ncRNA:snopy:Mus_musculus300647,1,10090,1139401564
12,48,162,URS000069B81F,1,Y,2015-10-19 22:12:25.000000,RNACEN,LN872733.1:1..88:ncRNA:snopy:Mus_musculus300648,1,10090,1139401565
12,48,162,URS000070AD14,1,Y,2015-10-19 22:12:25.000000,RNACEN,LN872734.1:1..79:ncRNA:snopy:Mus_musculus300649,1,10090,1139401566
12,48,162,URS0000715F54,1,Y,2015-10-19 22:12:25.000000,RNACEN,LN872735.1:1..79:ncRNA:snopy:Mus_musculus300650,1,10090,1139401567
12,48,162,URS000072545C,1,Y,2015-10-19 22:12:25.000000,RNACEN,LN872736.1:1..79:ncRNA:snopy:Mus_musculus300651,1,10090,1139401568
12,48,162,URS0000675848,1,Y,2015-10-19 22:12:25.000000,RNACEN,LN872737.1:1..79:ncRNA:snopy:Mus_musculus300652,1,10090,1139401569
12,48,162,URS000068CFE6,1,Y,2015-10-19 22:12:25.000000,RNACEN,LN872738.1:1..79:ncRNA:snopy:Mus_musculus300653,1,10090,1139401570
12,48,162,URS000068CFE6,1,Y,2015-10-19 22:12:25.000000,RNACEN,LN872739.1:1..79:ncRNA:snopy:Mus_musculus300654,1,10090,1139401571
12,48,162,URS0000702AC6,1,Y,2015-10-19 22:12:25.000000,RNACEN,LN872740.1:1..79:ncRNA:snopy:Mus_musculus300655,1,10090,1139401572
12,48,162,URS00006D0467,1,Y,2015-10-19 22:12:25.000000,RNACEN,LN872741.1:1..79:ncRNA:snopy:Mus_musculus300656,1,10090,1139401573
12,48,162,URS0000702AC6,1,Y,2015-10-19 22:12:25.000000,RNACEN,LN872742.1:1..79:ncRNA:snopy:Mus_musculus300657,1,10090,1139401574
12,48,162,URS0000634A31,1,Y,2015-10-19 22:12:25.000000,RNACEN,LN872743.1:1..79:ncRNA:snopy:Mus_musculus300658,1,10090,1139401575
12,48,162,URS0000720D27,1,Y,2015-10-19 22:12:25.000000,RNACEN,LN872744.1:1..79:ncRNA:snopy:Mus_musculus300659,1,10090,1139401576
12,48,162,URS00007138B2,1,Y,2015-10-19 22:12:25.000000,RNACEN,LN872745.1:1..79:ncRNA:snopy:Mus_musculus300660,1,10090,1139401577
12,48,162,URS0000720D27,1,Y,2015-10-19 22:12:25.000000,RNACEN,LN872746.1:1..79:ncRNA:snopy:Mus_musculus300661,1,10090,1139401578
12,48,162,URS0000712FF8,1,Y,2015-10-19 22:12:25.000000,RNACEN,LN872747.1:1..79:ncRNA:snopy:Mus_musculus300662,1,10090,1139401579
12,48,162,URS00007194F1,1,Y,2015-10-19 22:12:25.000000,RNACEN,LN872748.1:1..79:ncRNA:snopy:Mus_musculus300663,1,10090,1139401580
12,48,162,URS0000720D27,1,Y,2015-10-19 22:12:25.000000,RNACEN,LN872749.1:1..79:ncRNA:snopy:Mus_musculus300664,1,10090,1139401581
12,48,162,URS00007194F1,1,Y,2015-10-19 22:12:25.000000,RNACEN,LN872750.1:1..79:ncRNA:snopy:Mus_musculus300665,1,10090,1139401582
12,48,162,URS000066479F,1,Y,2015-10-19 22:12:25.000000,RNACEN,LN872751.1:1..79:ncRNA:snopy:Mus_musculus300666,1,10090,1139401583
12,48,162,URS000063C195,1,Y,2015-10-19 22:12:25.000000,RNACEN,LN872165.1:1..127:ncRNA:snopy:Mus_musculus300667,1,10090,1139401584
12,48,162,URS000085F0E0,1,Y,2015-10-19 22:12:25.000000,RNACEN,LN872446.1:1..137:ncRNA:snopy:Mus_musculus300668,1,10090,1139401585
12,48,162,URS00006C97E3,1,Y,2015-10-19 22:12:25.000000,RNACEN,LN872003.1:1..111:ncRNA:snopy:Mus_musculus300669,1,10090,1139401586
12,48,162,URS0000865B12,1,Y,2015-10-19 22:12:25.000000,RNACEN,LN872477.1:1..127:ncRNA:snopy:Mus_musculus300670,1,10090,1139401587
12,48,162,URS00006265D3,1,Y,2015-10-19 22:12:25.000000,RNACEN,LN872212.1:1..132:ncRNA:snopy:Mus_musculus300671,1,10090,1139401588
12,48,162,URS0000727DF8,1,Y,2015-10-19 22:12:25.000000,RNACEN,LN872095.1:1..134:ncRNA:snopy:Mus_musculus300672,1,10090,1139401589
12,48,162,URS0000671151,1,Y,2015-10-19 22:12:25.000000,RNACEN,LN872559.1:1..129:ncRNA:snopy:Mus_musculus300673,1,10090,1139401590
12,48,162,URS00006EAFAA,1,Y,2015-10-19 22:12:25.000000,RNACEN,LN872776.1:1..89:ncRNA:snopy:Mus_musculus300674,1,10090,1139401591
12,48,162,URS00006B4FE8,1,Y,2015-10-19 22:12:25.000000,RNACEN,LN872351.1:1..113:ncRNA:snopy:Mus_musculus300675,1,10090,1139401592
12,48,162,URS00006CFB57,1,Y,2015-10-19 22:12:25.000000,RNACEN,LN872253.1:1..143:ncRNA:snopy:Mus_musculus300676,1,10090,1139401593
12,48,162,URS00008573A8,1,Y,2015-10-19 22:12:25.000000,RNACEN,LN872888.1:1..77:ncRNA:snopy:Mus_musculus300677,1,10090,1139401594
12,48,162,URS0000622F6C,1,Y,2015-10-19 22:12:25.000000,RNACEN,LN872192.1:1..132:ncRNA:snopy:Mus_musculus300678,1,10090,1139401595
12,48,162,URS00006D15B7,1,Y,2015-10-19 22:12:25.000000,RNACEN,LN872162.1:1..130:ncRNA:snopy:Mus_musculus300679,1,10090,1139401596
12,48,162,URS000070FA13,1,Y,2015-10-19 22:12:25.000000,RNACEN,LN872089.1:1..133:ncRNA:snopy:Mus_musculus300680,1,10090,1139401597
12,48,162,URS000070509B,1,Y,2015-10-19 22:12:25.000000,RNACEN,LN872200.1:1..121:ncRNA:snopy:Mus_musculus300681,1,10090,1139401598
12,48,162,URS00006677F7,1,Y,2015-10-19 22:12:25.000000,RNACEN,LN872310.1:1..132:ncRNA:snopy:Mus_musculus300682,1,10090,1139401599
12,48,162,URS00006CD351,1,Y,2015-10-19 22:12:25.000000,RNACEN,LN872190.1:1..132:ncRNA:snopy:Mus_musculus300683,1,10090,1139401600
12,48,162,URS000067141F,1,Y,2015-10-19 22:12:25.000000,RNACEN,LN872577.1:1..132:ncRNA:snopy:Mus_musculus300684,1,10090,1139401601
12,48,162,URS00006A6012,1,Y,2015-10-19 22:12:25.000000,RNACEN,LN872224.1:1..132:ncRNA:snopy:Mus_musculus300685,1,10090,1139401602
12,48,162,URS00006FE4DE,1,Y,2015-10-19 22:12:25.000000,RNACEN,LN872257.1:1..135:ncRNA:snopy:Mus_musculus300686,1,10090,1139401603
12,48,162,URS0000665777,1,Y,2015-10-19 22:12:25.000000,RNACEN,LN872102.1:1..137:ncRNA:snopy:Mus_musculus300687,1,10090,1139401604
12,48,162,URS00006374E3,1,Y,2015-10-19 22:12:25.000000,RNACEN,LN872258.1:1..130:ncRNA:snopy:Mus_musculus300688,1,10090,1139401605
12,48,162,URS000072A8DE,1,Y,2015-10-19 22:12:25.000000,RNACEN,LN872207.1:1..132:ncRNA:snopy:Mus_musculus300689,1,10090,1139401606
12,48,162,URS000070FA81,1,Y,2015-10-19 22:12:25.000000,RNACEN,LN872254.1:1..125:ncRNA:snopy:Mus_musculus300690,1,10090,1139401607
12,48,162,URS0000668852,1,Y,2015-10-19 22:12:25.000000,RNACEN,LN872011.1:1..123:ncRNA:snopy:Mus_musculus300691,1,10090,1139401608
12,48,162,URS000070A2BF,1,Y,2015-10-19 22:12:25.000000,RNACEN,LN872088.1:1..133:ncRNA:snopy:Mus_musculus300692,1,10090,1139401609
12,48,162,URS00006730F2,1,Y,2015-10-19 22:12:25.000000,RNACEN,LN872363.1:1..127:ncRNA:snopy:Mus_musculus300693,1,10090,1139401610
12,48,162,URS00008417C1,1,Y,2015-10-19 22:12:25.000000,RNACEN,LN872504.1:1..132:ncRNA:snopy:Mus_musculus300694,1,10090,1139401611
12,48,162,URS000068494A,1,Y,2015-10-19 22:12:25.000000,RNACEN,LN872110.1:1..132:ncRNA:snopy:Mus_musculus300695,1,10090,1139401612
12,48,162,URS00006FBE79,1,Y,2015-10-19 22:12:25.000000,RNACEN,LN872126.1:1..132:ncRNA:snopy:Mus_musculus300696,1,10090,1139401613
12,48,162,URS00006508C4,1,Y,2015-10-19 22:12:25.000000,RNACEN,LN872032.1:1..127:ncRNA:snopy:Mus_musculus300697,1,10090,1139401614
12,48,162,URS00006E23B8,1,Y,2015-10-19 22:12:25.000000,RNACEN,LN872265.1:1..134:ncRNA:snopy:Mus_musculus300698,1,10090,1139401615
12,48,162,URS0000714D2F,1,Y,2015-10-19 22:12:25.000000,RNACEN,LN872183.1:1..135:ncRNA:snopy:Mus_musculus300699,1,10090,1139401616
12,48,162,URS00006FFFCC,1,Y,2015-10-19 22:12:25.000000,RNACEN,LN872344.1:1..136:ncRNA:snopy:Mus_musculus300700,1,10090,1139401617
12,48,162,URS00006B4130,1,Y,2015-10-19 22:12:25.000000,RNACEN,LN872307.1:1..128:ncRNA:snopy:Mus_musculus300701,1,10090,1139401618
12,48,162,URS000067698A,1,Y,2015-10-19 22:12:25.000000,RNACEN,LN872078.1:1..134:ncRNA:snopy:Mus_musculus300702,1,10090,1139401619
12,48,162,URS0000713992,1,Y,2015-10-19 22:12:25.000000,RNACEN,LN872575.1:1..131:ncRNA:snopy:Mus_musculus300703,1,10090,1139401620
12,48,162,URS00006DE08E,1,Y,2015-10-19 22:12:25.000000,RNACEN,LN872375.1:1..121:ncRNA:snopy:Mus_musculus300704,1,10090,1139401621
12,48,162,URS00006C1DAC,1,Y,2015-10-19 22:12:25.000000,RNACEN,LN872863.1:1..72:ncRNA:snopy:Mus_musculus300705,1,10090,1139401622
12,48,162,URS0000671603,1,Y,2015-10-19 22:12:25.000000,RNACEN,LN872899.1:1..77:ncRNA:snopy:Mus_musculus300706,1,10090,1139401623
12,48,162,URS0000837B58,1,Y,2015-10-19 22:12:25.000000,RNACEN,LN872501.1:1..129:ncRNA:snopy:Mus_musculus300707,1,10090,1139401624
12,48,162,URS00006EFD75,1,Y,2015-10-19 22:12:25.000000,RNACEN,LN872415.1:1..115:ncRNA:snopy:Mus_musculus300708,1,10090,1139401625
12,48,162,URS000072AC47,1,Y,2015-10-19 22:12:25.000000,RNACEN,LN872828.1:1..72:ncRNA:snopy:Mus_musculus300709,1,10090,1139401626
12,48,162,URS00002E8D15,1,Y,2015-10-19 22:12:25.000000,RNACEN,LN872829.1:1..75:ncRNA:snopy:Mus_musculus300710,1,10090,1139401627
12,48,162,URS000085DE5E,1,Y,2015-10-19 22:12:25.000000,RNACEN,LN872830.1:1..67:ncRNA:snopy:Mus_musculus300711,1,10090,1139401628
12,48,162,URS00004EB506,1,Y,2015-10-19 22:12:25.000000,RNACEN,LN872831.1:1..76:ncRNA:snopy:Mus_musculus300712,1,10090,1139401629
12,48,162,URS0000322EE3,1,Y,2015-10-19 22:12:25.000000,RNACEN,LN872832.1:1..65:ncRNA:snopy:Mus_musculus300713,1,10090,1139401630
12,48,162,URS00004EC1C6,1,Y,2015-10-19 22:12:25.000000,RNACEN,LN872834.1:1..69:ncRNA:snopy:Mus_musculus300714,1,10090,1139401631
12,48,162,URS000063A244,1,Y,2015-10-19 22:12:25.000000,RNACEN,LN872835.1:1..67:ncRNA:snopy:Mus_musculus300715,1,10090,1139401632
12,48,162,URS0000211861,1,Y,2015-10-19 22:12:25.000000,RNACEN,LN872823.1:1..126:ncRNA:snopy:Mus_musculus300716,1,10090,1139401633
12,48,162,URS000064D983,1,Y,2015-10-19 22:12:25.000000,RNACEN,LN872270.1:1..129:ncRNA:snopy:Mus_musculus300717,1,10090,1139401634
12,48,162,URS00006338A2,1,Y,2015-10-19 22:12:25.000000,RNACEN,LN872106.1:1..132:ncRNA:snopy:Mus_musculus300718,1,10090,1139401635
12,48,162,URS0000638FE2,1,Y,2015-10-19 22:12:25.000000,RNACEN,LN872305.1:1..129:ncRNA:snopy:Mus_musculus300719,1,10090,1139401636
12,48,162,URS00007080C0,1,Y,2015-10-19 22:12:25.000000,RNACEN,LN872425.1:1..145:ncRNA:snopy:Mus_musculus300720,1,10090,1139401637
12,48,162,URS00006904B8,1,Y,2015-10-19 22:12:25.000000,RNACEN,LN872908.1:1..87:ncRNA:snopy:Mus_musculus300721,1,10090,1139401638
12,48,162,URS000063F1B2,1,Y,2015-10-19 22:12:25.000000,RNACEN,LN872244.1:1..126:ncRNA:snopy:Mus_musculus300722,1,10090,1139401639
12,48,162,URS00006A3617,1,Y,2015-10-19 22:12:25.000000,RNACEN,LN872261.1:1..129:ncRNA:snopy:Mus_musculus300723,1,10090,1139401640
12,48,162,URS000064290A,1,Y,2015-10-19 22:12:25.000000,RNACEN,LN872462.1:1..126:ncRNA:snopy:Mus_musculus300724,1,10090,1139401641
12,48,162,URS00006F9794,1,Y,2015-10-19 22:12:25.000000,RNACEN,LN872320.1:1..130:ncRNA:snopy:Mus_musculus300725,1,10090,1139401642
12,48,162,URS0000713966,1,Y,2015-10-19 22:12:25.000000,RNACEN,LN872549.1:1..137:ncRNA:snopy:Mus_musculus300726,1,10090,1139401643
12,48,162,URS00006E0D4B,1,Y,2015-10-19 22:12:25.000000,RNACEN,LN872151.1:1..133:ncRNA:snopy:Mus_musculus300727,1,10090,1139401644
12,48,162,URS00007012BC,1,Y,2015-10-19 22:12:25.000000,RNACEN,LN872214.1:1..132:ncRNA:snopy:Mus_musculus300728,1,10090,1139401645
12,48,162,URS00007168C7,1,Y,2015-10-19 22:12:25.000000,RNACEN,LN872129.1:1..131:ncRNA:snopy:Mus_musculus300729,1,10090,1139401646
12,48,162,URS00006B7895,1,Y,2015-10-19 22:12:25.000000,RNACEN,LN872144.1:1..129:ncRNA:snopy:Mus_musculus300730,1,10090,1139401647
12,48,162,URS00006881D4,1,Y,2015-10-19 22:12:25.000000,RNACEN,LN872542.1:1..122:ncRNA:snopy:Mus_musculus300731,1,10090,1139401648
12,48,162,URS00006C74EC,1,Y,2015-10-19 22:12:25.000000,RNACEN,LN872882.1:1..70:ncRNA:snopy:Mus_musculus300732,1,10090,1139401649
12,48,162,URS00006C5E50,1,Y,2015-10-19 22:12:25.000000,RNACEN,LN872873.1:1..66:ncRNA:snopy:Mus_musculus300733,1,10090,1139401650
12,48,162,URS0000676303,1,Y,2015-10-19 22:12:25.000000,RNACEN,LN872874.1:1..65:ncRNA:snopy:Mus_musculus300734,1,10090,1139401651
12,48,162,URS00006DA595,1,Y,2015-10-19 22:12:25.000000,RNACEN,LN872875.1:1..65:ncRNA:snopy:Mus_musculus300735,1,10090,1139401652
12,48,162,URS00006377BA,1,Y,2015-10-19 22:12:25.000000,RNACEN,LN872335.1:1..126:ncRNA:snopy:Mus_musculus300736,1,10090,1139401653
12,48,162,URS000072E900,1,Y,2015-10-19 22:12:25.000000,RNACEN,LN872394.1:1..122:ncRNA:snopy:Mus_musculus300737,1,10090,1139401654
12,48,162,URS000062C3C1,1,Y,2015-10-19 22:12:25.000000,RNACEN,LN872469.1:1..136:ncRNA:snopy:Mus_musculus300738,1,10090,1139401655
12,48,162,URS00006AA5FF,1,Y,2015-10-19 22:12:25.000000,RNACEN,LN872920.1:1..137:ncRNA:snopy:Mus_musculus300739,1,10090,1139401656
12,48,162,URS0000654329,1,Y,2015-10-19 22:12:25.000000,RNACEN,LN872587.1:1..196:ncRNA:snopy:Mus_musculus300740,1,10090,1139401657
12,48,162,URS000065A093,1,Y,2015-10-19 22:12:25.000000,RNACEN,LN872421.1:1..131:ncRNA:snopy:Mus_musculus300741,1,10090,1139401658
12,48,162,URS00006B800F,1,Y,2015-10-19 22:12:25.000000,RNACEN,LN872509.1:1..130:ncRNA:snopy:Mus_musculus300742,1,10090,1139401659
12,48,162,URS00006E5E23,1,Y,2015-10-19 22:12:25.000000,RNACEN,LN872539.1:1..140:ncRNA:snopy:Mus_musculus300743,1,10090,1139401660
12,48,162,URS000072CB42,1,Y,2015-10-19 22:12:25.000000,RNACEN,LN871991.1:1..132:ncRNA:snopy:Mus_musculus300744,1,10090,1139401661
12,48,162,URS00006D5DE5,1,Y,2015-10-19 22:12:25.000000,RNACEN,LN872540.1:1..134:ncRNA:snopy:Mus_musculus300745,1,10090,1139401662
12,48,162,URS00006D358C,1,Y,2015-10-19 22:12:25.000000,RNACEN,LN872824.1:1..109:ncRNA:snopy:Mus_musculus300746,1,10090,1139401663
12,48,162,URS00006EB54E,1,Y,2015-10-19 22:12:25.000000,RNACEN,LN872436.1:1..125:ncRNA:snopy:Mus_musculus300747,1,10090,1139401664
12,48,162,URS0000665440,1,Y,2015-10-19 22:12:25.000000,RNACEN,LN872909.1:1..91:ncRNA:snopy:Mus_musculus300748,1,10090,1139401665
12,48,162,URS00006755B3,1,Y,2015-10-19 22:12:25.000000,RNACEN,LN872910.1:1..90:ncRNA:snopy:Mus_musculus300749,1,10090,1139401666
12,48,162,URS00006F41F5,1,Y,2015-10-19 22:12:25.000000,RNACEN,LN872911.1:1..90:ncRNA:snopy:Mus_musculus300750,1,10090,1139401667
12,48,162,URS00007015C3,1,Y,2015-10-19 22:12:25.000000,RNACEN,LN872912.1:1..93:ncRNA:snopy:Mus_musculus300751,1,10090,1139401668
12,48,162,URS0000159992,1,Y,2015-10-19 22:12:25.000000,RNACEN,LN872839.1:1..87:ncRNA:snopy:Mus_musculus300752,1,10090,1139401669
12,48,162,URS0000631781,1,Y,2015-10-19 22:12:25.000000,RNACEN,LN872838.1:1..90:ncRNA:snopy:Mus_musculus300753,1,10090,1139401670
12,48,162,URS000068A2BA,1,Y,2015-10-19 22:12:25.000000,RNACEN,LN872837.1:1..70:ncRNA:snopy:Mus_musculus300754,1,10090,1139401671
12,48,162,URS00006AEA4E,1,Y,2015-10-19 22:12:25.000000,RNACEN,LN872934.1:1..84:ncRNA:snopy:Mus_musculus300755,1,10090,1139401672
12,48,162,URS0000839FAE,1,Y,2015-10-19 22:12:25.000000,RNACEN,LN872836.1:1..81:ncRNA:snopy:Mus_musculus300756,1,10090,1139401673
12,48,162,URS000067EC1A,1,Y,2015-10-19 22:12:25.000000,RNACEN,LN872541.1:1..137:ncRNA:snopy:Mus_musculus300757,1,10090,1139401674
12,48,162,URS000065BC75,1,Y,2015-10-19 22:12:25.000000,RNACEN,LN872395.1:1..109:ncRNA:snopy:Mus_musculus300758,1,10090,1139401675
12,48,162,URS00004AC450,1,Y,2015-10-19 22:12:25.000000,RNACEN,LN872811.1:1..145:ncRNA:snopy:Mus_musculus300759,1,10090,1139401676
12,48,162,URS000041E86C,1,Y,2015-10-19 22:12:25.000000,RNACEN,LN872812.1:1..148:ncRNA:snopy:Mus_musculus300760,1,10090,1139401677
12,48,162,URS00006F3E7D,1,Y,2015-10-19 22:12:25.000000,RNACEN,LN872387.1:1..132:ncRNA:snopy:Mus_musculus300761,1,10090,1139401678
12,48,162,URS00006C4832,1,Y,2015-10-19 22:12:25.000000,RNACEN,LN872388.1:1..130:ncRNA:snopy:Mus_musculus300762,1,10090,1139401679
12,48,162,URS000063B5E5,1,Y,2015-10-19 22:12:25.000000,RNACEN,LN871977.1:1..133:ncRNA:snopy:Mus_musculus300763,1,10090,1139401680
12,48,162,URS0000663F73,1,Y,2015-10-19 22:12:25.000000,RNACEN,LN872356.1:1..184:ncRNA:snopy:Mus_musculus300764,1,10090,1139401681
12,48,162,URS00006A8D3B,1,Y,2015-10-19 22:12:25.000000,RNACEN,LN872357.1:1..114:ncRNA:snopy:Mus_musculus300765,1,10090,1139401682
12,48,162,URS000068986E,1,Y,2015-10-19 22:12:25.000000,RNACEN,LN871989.1:1..129:ncRNA:snopy:Mus_musculus300766,1,10090,1139401683
12,48,162,URS000065DDA8,1,Y,2015-10-19 22:12:25.000000,RNACEN,LN872390.1:1..130:ncRNA:snopy:Mus_musculus300767,1,10090,1139401684
12,48,162,URS000069196F,1,Y,2015-10-19 22:12:25.000000,RNACEN,LN872482.1:1..137:ncRNA:snopy:Mus_musculus300768,1,10090,1139401685
12,48,162,URS00006FC25F,1,Y,2015-10-19 22:12:25.000000,RNACEN,LN872484.1:1..127:ncRNA:snopy:Mus_musculus300769,1,10090,1139401686
12,48,162,URS000069FE6B,1,Y,2015-10-19 22:12:25.000000,RNACEN,LN871983.1:1..131:ncRNA:snopy:Mus_musculus300770,1,10090,1139401687
12,48,162,URS0000628280,1,Y,2015-10-19 22:12:25.000000,RNACEN,LN872822.1:1..94:ncRNA:snopy:Mus_musculus300771,1,10090,1139401688
12,48,162,URS00006CD496,1,Y,2015-10-19 22:12:25.000000,RNACEN,LN872522.1:1..132:ncRNA:snopy:Mus_musculus300772,1,10090,1139401689
12,48,162,URS0000643736,1,Y,2015-10-19 22:12:25.000000,RNACEN,LN872523.1:1..132:ncRNA:snopy:Mus_musculus300773,1,10090,1139401690
12,48,162,URS00006A9C87,1,Y,2015-10-19 22:12:25.000000,RNACEN,LN872565.1:1..121:ncRNA:snopy:Mus_musculus300774,1,10090,1139401691
12,48,162,URS00006EC550,1,Y,2015-10-19 22:12:25.000000,RNACEN,LN872468.1:1..133:ncRNA:snopy:Mus_musculus300775,1,10090,1139401692
12,48,162,URS00006E2BEC,1,Y,2015-10-19 22:12:25.000000,RNACEN,LN872453.1:1..134:ncRNA:snopy:Mus_musculus300776,1,10090,1139401693
12,48,162,URS0000729040,1,Y,2015-10-19 22:12:25.000000,RNACEN,LN872618.1:1..71:ncRNA:snopy:Mus_musculus300778,1,10090,1139401694
12,48,162,URS00006AAF40,1,Y,2015-10-19 22:12:25.000000,RNACEN,LN872378.1:1..129:ncRNA:snopy:Mus_musculus300779,1,10090,1139401695
12,48,162,URS00006DC9EA,1,Y,2015-10-19 22:12:25.000000,RNACEN,LN872513.1:1..137:ncRNA:snopy:Mus_musculus300780,1,10090,1139401696
12,48,162,URS0000678ECC,1,Y,2015-10-19 22:12:25.000000,RNACEN,LN872411.1:1..130:ncRNA:snopy:Mus_musculus300781,1,10090,1139401697
12,48,162,URS00006DB8ED,1,Y,2015-10-19 22:12:25.000000,RNACEN,LN872889.1:1..87:ncRNA:snopy:Mus_musculus300782,1,10090,1139401698
12,48,162,URS00006FC944,1,Y,2015-10-19 22:12:25.000000,RNACEN,LN872890.1:1..84:ncRNA:snopy:Mus_musculus300783,1,10090,1139401699
12,48,162,URS000062FA02,1,Y,2015-10-19 22:12:25.000000,RNACEN,LN872864.1:1..78:ncRNA:snopy:Mus_musculus300784,1,10090,1139401700
12,48,162,URS000066DBC7,1,Y,2015-10-19 22:12:25.000000,RNACEN,LN872437.1:1..132:ncRNA:snopy:Mus_musculus300785,1,10090,1139401701
12,48,162,URS000085CDCD,1,Y,2015-10-19 22:12:25.000000,RNACEN,LN872376.1:1..113:ncRNA:snopy:Mus_musculus300786,1,10090,1139401702
12,48,162,URS00006886D5,1,Y,2015-10-19 22:12:25.000000,RNACEN,LN872377.1:1..122:ncRNA:snopy:Mus_musculus300787,1,10090,1139401703
12,48,162,URS00006CF21C,1,Y,2015-10-19 22:12:25.000000,RNACEN,LN872601.1:1..133:ncRNA:snopy:Mus_musculus300788,1,10090,1139401704
12,48,162,URS000053D4AB,1,Y,2015-10-19 22:12:25.000000,RNACEN,LN872821.1:1..80:ncRNA:snopy:Mus_musculus300789,1,10090,1139401705
12,48,162,URS000062F161,1,Y,2015-10-19 22:12:25.000000,RNACEN,LN872901.1:1..70:ncRNA:snopy:Mus_musculus300790,1,10090,1139401706
12,48,162,URS000070FDEE,1,Y,2015-10-19 22:12:25.000000,RNACEN,LN871988.1:1..131:ncRNA:snopy:Mus_musculus300791,1,10090,1139401707
12,48,162,URS00007001C6,1,Y,2015-10-19 22:12:25.000000,RNACEN,LN872931.1:1..109:ncRNA:snopy:Mus_musculus300792,1,10090,1139401708
12,48,162,URS000070A7D7,1,Y,2015-10-19 22:12:25.000000,RNACEN,LN872503.1:1..126:ncRNA:snopy:Mus_musculus300793,1,10090,1139401709
12,48,162,URS00007254B7,1,Y,2015-10-19 22:12:25.000000,RNACEN,LN872428.1:1..140:ncRNA:snopy:Mus_musculus300794,1,10090,1139401710
12,48,162,URS0000669D2D,1,Y,2015-10-19 22:12:25.000000,RNACEN,LN872895.1:1..80:ncRNA:snopy:Mus_musculus300795,1,10090,1139401711
12,48,162,URS0000622BBE,1,Y,2015-10-19 22:12:25.000000,RNACEN,LN872896.1:1..62:ncRNA:snopy:Mus_musculus300796,1,10090,1139401712
12,48,162,URS00006A36AB,1,Y,2015-10-19 22:12:25.000000,RNACEN,LN872826.1:1..83:ncRNA:snopy:Mus_musculus300797,1,10090,1139401713
12,48,162,URS00006AA2CD,1,Y,2015-10-19 22:12:25.000000,RNACEN,LN871984.1:1..134:ncRNA:snopy:Mus_musculus300798,1,10090,1139401714
12,48,162,URS0000729FE8,1,Y,2015-10-19 22:12:25.000000,RNACEN,LN872417.1:1..132:ncRNA:snopy:Mus_musculus300799,1,10090,1139401715
12,48,162,URS00006CE6D0,1,Y,2015-10-19 22:12:25.000000,RNACEN,LN872338.1:1..132:ncRNA:snopy:Mus_musculus300800,1,10090,1139401716
12,48,162,URS00006995E4,1,Y,2015-10-19 22:12:25.000000,RNACEN,LN872440.1:1..125:ncRNA:snopy:Mus_musculus300801,1,10090,1139401717
12,48,162,URS00006EDCD4,1,Y,2015-10-19 22:12:25.000000,RNACEN,LN871976.1:1..146:ncRNA:snopy:Mus_musculus300802,1,10090,1139401718
12,48,162,URS000065E8C9,1,Y,2015-10-19 22:12:25.000000,RNACEN,LN872407.1:1..109:ncRNA:snopy:Mus_musculus300803,1,10090,1139401719
12,48,162,URS00006CE6D0,1,Y,2015-10-19 22:12:25.000000,RNACEN,LN872339.1:1..132:ncRNA:snopy:Mus_musculus300804,1,10090,1139401720
12,48,162,URS000065CC69,1,Y,2015-10-19 22:12:25.000000,RNACEN,LN872384.1:1..130:ncRNA:snopy:Mus_musculus300805,1,10090,1139401721
12,48,162,URS000067CD9D,1,Y,2015-10-19 22:12:25.000000,RNACEN,LN872443.1:1..135:ncRNA:snopy:Mus_musculus300806,1,10090,1139401722
12,48,162,URS000071919E,1,Y,2015-10-19 22:12:25.000000,RNACEN,LN872533.1:1..131:ncRNA:snopy:Mus_musculus300807,1,10090,1139401723
12,48,162,URS000067F0FA,1,Y,2015-10-19 22:12:25.000000,RNACEN,LN872847.1:1..70:ncRNA:snopy:Mus_musculus300808,1,10090,1139401724
12,48,162,URS00006E77EB,1,Y,2015-10-19 22:12:25.000000,RNACEN,LN872465.1:1..136:ncRNA:snopy:Mus_musculus300809,1,10090,1139401725
12,48,162,URS00006A8FEB,1,Y,2015-10-19 22:12:25.000000,RNACEN,LN872474.1:1..135:ncRNA:snopy:Mus_musculus300810,1,10090,1139401726
12,48,162,URS00006295E4,1,Y,2015-10-19 22:12:25.000000,RNACEN,LN872599.1:1..131:ncRNA:snopy:Mus_musculus300811,1,10090,1139401727
12,48,162,URS00006FC13B,1,Y,2015-10-19 22:12:25.000000,RNACEN,LN872891.1:1..85:ncRNA:snopy:Mus_musculus300812,1,10090,1139401728
12,48,162,URS000068BC5D,1,Y,2015-10-19 22:12:25.000000,RNACEN,LN872623.1:1..89:ncRNA:snopy:Mus_musculus300813,1,10090,1139401729
12,48,162,URS000065E2B2,1,Y,2015-10-19 22:12:25.000000,RNACEN,LN872624.1:1..76:ncRNA:snopy:Mus_musculus300814,1,10090,1139401730
12,48,162,URS000068FF80,1,Y,2015-10-19 22:12:25.000000,RNACEN,LN872493.1:1..148:ncRNA:snopy:Mus_musculus300815,1,10090,1139401731
12,48,162,URS0000850A1E,1,Y,2015-10-19 22:12:25.000000,RNACEN,LN871971.1:1..83:ncRNA:snopy:Mus_musculus300816,1,10090,1139401732
12,48,162,URS0000659D97,1,Y,2015-10-19 22:12:25.000000,RNACEN,LN871980.1:1..134:ncRNA:snopy:Mus_musculus300817,1,10090,1139401733
12,48,162,URS00006AF4FE,1,Y,2015-10-19 22:12:25.000000,RNACEN,LN872887.1:1..80:ncRNA:snopy:Mus_musculus300818,1,10090,1139401734
12,48,162,URS0000836880,1,Y,2015-10-19 22:12:25.000000,RNACEN,LN872819.1:1..72:ncRNA:snopy:Mus_musculus300819,1,10090,1139401735
12,48,162,URS0000651DB5,1,Y,2015-10-19 22:12:25.000000,RNACEN,LN872820.1:1..76:ncRNA:snopy:Mus_musculus300820,1,10090,1139401736
12,48,162,URS00006C4FF9,1,Y,2015-10-19 22:12:25.000000,RNACEN,LN872598.1:1..197:ncRNA:snopy:Mus_musculus300821,1,10090,1139401737
12,48,162,URS00006B2ED9,1,Y,2015-10-19 22:12:25.000000,RNACEN,LN872930.1:1..110:ncRNA:snopy:Mus_musculus300822,1,10090,1139401738
12,48,162,URS00006B39CB,1,Y,2015-10-19 22:12:25.000000,RNACEN,LN872373.1:1..120:ncRNA:snopy:Mus_musculus300823,1,10090,1139401739
12,48,162,URS00006AF7DB,1,Y,2015-10-19 22:12:25.000000,RNACEN,LN872414.1:1..135:ncRNA:snopy:Mus_musculus300824,1,10090,1139401740
12,48,162,URS0000712279,1,Y,2015-10-19 22:12:25.000000,RNACEN,LN872392.1:1..130:ncRNA:snopy:Mus_musculus300825,1,10090,1139401741
12,48,162,URS00006A25F1,1,Y,2015-10-19 22:12:25.000000,RNACEN,LN872470.1:1..134:ncRNA:snopy:Mus_musculus300826,1,10090,1139401742
12,48,162,URS00006A2337,1,Y,2015-10-19 22:12:25.000000,RNACEN,LN871993.1:1..128:ncRNA:snopy:Mus_musculus300827,1,10090,1139401743
12,48,162,URS0000862EF5,1,Y,2015-10-19 22:12:25.000000,RNACEN,LN872419.1:1..135:ncRNA:snopy:Mus_musculus300828,1,10090,1139401744
12,48,162,URS0000712D90,1,Y,2015-10-19 22:12:25.000000,RNACEN,LN872536.1:1..131:ncRNA:snopy:Mus_musculus300829,1,10090,1139401745
12,48,162,URS00006C8D0B,1,Y,2015-10-19 22:12:25.000000,RNACEN,LN872524.1:1..144:ncRNA:snopy:Mus_musculus300830,1,10090,1139401746
12,48,162,URS000071B947,1,Y,2015-10-19 22:12:25.000000,RNACEN,LN872329.1:1..130:ncRNA:snopy:Mus_musculus300831,1,10090,1139401747
12,48,162,URS00006688B6,1,Y,2015-10-19 22:12:25.000000,RNACEN,LN872878.1:1..71:ncRNA:snopy:Mus_musculus300832,1,10090,1139401748
12,48,162,URS000064E867,1,Y,2015-10-19 22:12:25.000000,RNACEN,LN872568.1:1..137:ncRNA:snopy:Mus_musculus300833,1,10090,1139401749
12,48,162,URS000070F66C,1,Y,2015-10-19 22:12:25.000000,RNACEN,LN872586.1:1..120:ncRNA:snopy:Mus_musculus300834,1,10090,1139401750
12,48,162,URS0000635991,1,Y,2015-10-19 22:12:25.000000,RNACEN,LN872413.1:1..128:ncRNA:snopy:Mus_musculus300835,1,10090,1139401751
12,48,162,URS00006FCA18,1,Y,2015-10-19 22:12:25.000000,RNACEN,LN871975.1:1..128:ncRNA:snopy:Mus_musculus300836,1,10090,1139401752
12,48,162,URS00006376B1,1,Y,2015-10-19 22:12:25.000000,RNACEN,LN872330.1:1..132:ncRNA:snopy:Mus_musculus300837,1,10090,1139401753
12,48,162,URS0000649B0E,1,Y,2015-10-19 22:12:25.000000,RNACEN,LN872331.1:1..130:ncRNA:snopy:Mus_musculus300838,1,10090,1139401754
12,48,162,URS00006B9287,1,Y,2015-10-19 22:12:25.000000,RNACEN,LN872566.1:1..118:ncRNA:snopy:Mus_musculus300839,1,10090,1139401755
12,48,162,URS00006B3532,1,Y,2015-10-19 22:12:25.000000,RNACEN,LN872418.1:1..137:ncRNA:snopy:Mus_musculus300840,1,10090,1139401756
12,48,162,URS00006FAF62,1,Y,2015-10-19 22:12:25.000000,RNACEN,LN872420.1:1..131:ncRNA:snopy:Mus_musculus300841,1,10090,1139401757
12,48,162,URS0000686EBF,1,Y,2015-10-19 22:12:25.000000,RNACEN,LN872412.1:1..129:ncRNA:snopy:Mus_musculus300842,1,10090,1139401758
12,48,162,URS000084452F,1,Y,2015-10-19 22:12:25.000000,RNACEN,LN872616.1:1..74:ncRNA:snopy:Mus_musculus300843,1,10090,1139401759
12,48,162,URS00006E82CC,1,Y,2015-10-19 22:12:25.000000,RNACEN,LN872617.1:1..74:ncRNA:snopy:Mus_musculus300844,1,10090,1139401760
12,48,162,URS0000650E38,1,Y,2015-10-19 22:12:25.000000,RNACEN,LN872925.1:1..65:ncRNA:snopy:Mus_musculus300845,1,10090,1139401761
12,48,162,URS00006AC861,1,Y,2015-10-19 22:12:25.000000,RNACEN,LN872843.1:1..64:ncRNA:snopy:Mus_musculus300846,1,10090,1139401762
12,48,162,URS000065A4F0,1,Y,2015-10-19 22:12:25.000000,RNACEN,LN872483.1:1..246:ncRNA:snopy:Mus_musculus300847,1,10090,1139401763
12,48,162,URS0000676CE8,1,Y,2015-10-19 22:12:25.000000,RNACEN,LN872609.1:1..145:ncRNA:snopy:Mus_musculus300848,1,10090,1139401764
12,48,162,URS0000670879,1,Y,2015-10-19 22:12:25.000000,RNACEN,LN872427.1:1..134:ncRNA:snopy:Mus_musculus300849,1,10090,1139401765
12,48,162,URS0000650BB7,1,Y,2015-10-19 22:12:25.000000,RNACEN,LN872432.1:1..137:ncRNA:snopy:Mus_musculus300850,1,10090,1139401766
12,48,162,URS000084FCA9,1,Y,2015-10-19 22:12:25.000000,RNACEN,LN872876.1:1..73:ncRNA:snopy:Mus_musculus300851,1,10090,1139401767
12,48,162,URS00006BAFC0,1,Y,2015-10-19 22:12:25.000000,RNACEN,LN872892.1:1..81:ncRNA:snopy:Mus_musculus300852,1,10090,1139401768
12,48,162,URS000066F860,1,Y,2015-10-19 22:12:25.000000,RNACEN,LN871986.1:1..132:ncRNA:snopy:Mus_musculus300853,1,10090,1139401769
12,48,162,URS000070D889,1,Y,2015-10-19 22:12:25.000000,RNACEN,LN872585.1:1..132:ncRNA:snopy:Mus_musculus300854,1,10090,1139401770
12,48,162,URS00006DDE9D,1,Y,2015-10-19 22:12:25.000000,RNACEN,LN872334.1:1..132:ncRNA:snopy:Mus_musculus300855,1,10090,1139401771
12,48,162,URS00006FD88E,1,Y,2015-10-19 22:12:25.000000,RNACEN,LN871973.1:1..127:ncRNA:snopy:Mus_musculus300856,1,10090,1139401772
12,48,162,URS0000671D4B,1,Y,2015-10-19 22:12:25.000000,RNACEN,LN872932.1:1..94:ncRNA:snopy:Mus_musculus300857,1,10090,1139401773
12,48,162,URS000066CE2B,1,Y,2015-10-19 22:12:25.000000,RNACEN,LN872850.1:1..64:ncRNA:snopy:Mus_musculus300858,1,10090,1139401774
12,48,162,URS000062B00D,1,Y,2015-10-19 22:12:25.000000,RNACEN,LN872341.1:1..138:ncRNA:snopy:Mus_musculus300859,1,10090,1139401775
12,48,162,URS00006AEDEF,1,Y,2015-10-19 22:12:25.000000,RNACEN,LN872342.1:1..137:ncRNA:snopy:Mus_musculus300860,1,10090,1139401776
12,48,162,URS0000865CD2,1,Y,2015-10-19 22:12:25.000000,RNACEN,LN872588.1:1..183:ncRNA:snopy:Mus_musculus300861,1,10090,1139401777
12,48,162,URS000068D0E6,1,Y,2015-10-19 22:12:25.000000,RNACEN,LN872485.1:1..130:ncRNA:snopy:Mus_musculus300862,1,10090,1139401778
12,48,162,URS0000656DBD,1,Y,2015-10-19 22:12:25.000000,RNACEN,LN872359.1:1..122:ncRNA:snopy:Mus_musculus300863,1,10090,1139401779
12,48,162,URS0000659250,1,Y,2015-10-19 22:12:25.000000,RNACEN,LN872343.1:1..136:ncRNA:snopy:Mus_musculus300864,1,10090,1139401780
12,48,162,URS0000667DC1,1,Y,2015-10-19 22:12:25.000000,RNACEN,LN872367.1:1..133:ncRNA:snopy:Mus_musculus300865,1,10090,1139401781
12,48,162,URS000065FBBF,1,Y,2015-10-19 22:12:25.000000,RNACEN,LN872366.1:1..133:ncRNA:snopy:Mus_musculus300866,1,10090,1139401782
12,48,162,URS000085E7E5,1,Y,2015-10-19 22:12:25.000000,RNACEN,LN872441.1:1..130:ncRNA:snopy:Mus_musculus300867,1,10090,1139401783
12,48,162,URS00006683C9,1,Y,2015-10-19 22:12:25.000000,RNACEN,LN872534.1:1..132:ncRNA:snopy:Mus_musculus300869,1,10090,1139401784
12,48,162,URS0000634041,1,Y,2015-10-19 22:12:25.000000,RNACEN,LN872333.1:1..130:ncRNA:snopy:Mus_musculus300870,1,10090,1139401785
12,48,162,URS00006561A2,1,Y,2015-10-19 22:12:25.000000,RNACEN,LN872605.1:1..126:ncRNA:snopy:Mus_musculus300872,1,10090,1139401786
12,48,162,URS0000729C4F,1,Y,2015-10-19 22:12:25.000000,RNACEN,LN872885.1:1..75:ncRNA:snopy:Mus_musculus300873,1,10090,1139401787
12,48,162,URS000068BED8,1,Y,2015-10-19 22:12:25.000000,RNACEN,LN872507.1:1..125:ncRNA:snopy:Mus_musculus300874,1,10090,1139401788
12,48,162,URS000068C595,1,Y,2015-10-19 22:12:25.000000,RNACEN,LN872508.1:1..129:ncRNA:snopy:Mus_musculus300875,1,10090,1139401789
12,48,162,URS00006A56AB,1,Y,2015-10-19 22:12:25.000000,RNACEN,LN872429.1:1..139:ncRNA:snopy:Mus_musculus300876,1,10090,1139401790
12,48,162,URS0000640C1A,1,Y,2015-10-19 22:12:25.000000,RNACEN,LN871995.1:1..134:ncRNA:snopy:Mus_musculus300877,1,10090,1139401791
12,48,162,URS00006F44DC,1,Y,2015-10-19 22:12:25.000000,RNACEN,LN872606.1:1..144:ncRNA:snopy:Mus_musculus300878,1,10090,1139401792
12,48,162,URS000071FF4E,1,Y,2015-10-19 22:12:25.000000,RNACEN,LN872423.1:1..147:ncRNA:snopy:Mus_musculus300879,1,10090,1139401793
12,48,162,URS00006CECE6,1,Y,2015-10-19 22:12:25.000000,RNACEN,LN871992.1:1..132:ncRNA:snopy:Mus_musculus300880,1,10090,1139401794
12,48,162,URS00006E64E6,1,Y,2015-10-19 22:12:25.000000,RNACEN,LN872567.1:1..135:ncRNA:snopy:Mus_musculus300881,1,10090,1139401795
12,48,162,URS00006A65D4,1,Y,2015-10-19 22:12:25.000000,RNACEN,LN872350.1:1..136:ncRNA:snopy:Mus_musculus300882,1,10090,1139401796
12,48,162,URS0000711CED,1,Y,2015-10-19 22:12:25.000000,RNACEN,LN872358.1:1..130:ncRNA:snopy:Mus_musculus300883,1,10090,1139401797
12,48,162,URS0000852361,1,Y,2015-10-19 22:12:25.000000,RNACEN,LN872929.1:1..297:ncRNA:snopy:Mus_musculus300884,1,10090,1139401798
12,48,162,URS000084F20F,1,Y,2015-10-19 22:12:25.000000,RNACEN,LN872621.1:1..83:ncRNA:snopy:Mus_musculus300886,1,10090,1139401799
12,48,162,URS0000724D74,1,Y,2015-10-19 22:12:25.000000,RNACEN,LN872807.1:1..86:ncRNA:snopy:Mus_musculus300887,1,10090,1139401800
12,48,162,URS0000682F16,1,Y,2015-10-19 22:12:25.000000,RNACEN,LN872808.1:1..86:ncRNA:snopy:Mus_musculus300888,1,10090,1139401801
12,48,162,URS0000843A19,1,Y,2015-10-19 22:12:25.000000,RNACEN,LN872809.1:1..90:ncRNA:snopy:Mus_musculus300889,1,10090,1139401802
12,48,162,URS0000696030,1,Y,2015-10-19 22:12:25.000000,RNACEN,LN872816.1:1..68:ncRNA:snopy:Mus_musculus300890,1,10090,1139401803
12,48,162,URS0000727BD6,1,Y,2015-10-19 22:12:25.000000,RNACEN,LN872813.1:1..99:ncRNA:snopy:Mus_musculus300891,1,10090,1139401804
12,48,162,URS000070A3B6,1,Y,2015-10-19 22:12:25.000000,RNACEN,LN872817.1:1..71:ncRNA:snopy:Mus_musculus300892,1,10090,1139401805
12,48,162,URS00006BD5AE,1,Y,2015-10-19 22:12:25.000000,RNACEN,LN872814.1:1..99:ncRNA:snopy:Mus_musculus300893,1,10090,1139401806
12,48,162,URS00006ABD30,1,Y,2015-10-19 22:12:25.000000,RNACEN,LN872818.1:1..71:ncRNA:snopy:Mus_musculus300894,1,10090,1139401807
12,48,162,URS00006C1DAC,1,Y,2015-10-19 22:12:25.000000,RNACEN,LN872859.1:1..72:ncRNA:snopy:Mus_musculus300895,1,10090,1139401808
12,48,162,URS00006FBAA2,1,Y,2015-10-19 22:12:25.000000,RNACEN,LN872860.1:1..72:ncRNA:snopy:Mus_musculus300896,1,10090,1139401809
12,48,162,URS0000867E9D,1,Y,2015-10-19 22:12:25.000000,RNACEN,LN872496.1:1..128:ncRNA:snopy:Mus_musculus300897,1,10090,1139401810
12,48,162,URS000068B232,1,Y,2015-10-19 22:12:25.000000,RNACEN,LN872505.1:1..156:ncRNA:snopy:Mus_musculus300898,1,10090,1139401811
12,48,162,URS00006DDEE4,1,Y,2015-10-19 22:12:25.000000,RNACEN,LN872596.1:1..203:ncRNA:snopy:Mus_musculus300899,1,10090,1139401812
12,48,162,URS00006420A6,1,Y,2015-10-19 22:12:25.000000,RNACEN,LN872506.1:1..149:ncRNA:snopy:Mus_musculus300900,1,10090,1139401813
12,48,162,URS00006E581B,1,Y,2015-10-19 22:12:25.000000,RNACEN,LN872535.1:1..132:ncRNA:snopy:Mus_musculus300901,1,10090,1139401814
12,48,162,URS0000649119,1,Y,2015-10-19 22:12:25.000000,RNACEN,LN872406.1:1..122:ncRNA:snopy:Mus_musculus300902,1,10090,1139401815
12,48,162,URS00001DFC68,1,Y,2015-10-19 22:12:25.000000,RNACEN,LN872893.1:1..68:ncRNA:snopy:Mus_musculus300903,1,10090,1139401816
12,48,162,URS000067B281,1,Y,2015-10-19 22:12:25.000000,RNACEN,LN872894.1:1..71:ncRNA:snopy:Mus_musculus300904,1,10090,1139401817
12,48,162,URS00006A78D1,1,Y,2015-10-19 22:12:25.000000,RNACEN,LN872495.1:1..136:ncRNA:snopy:Mus_musculus300905,1,10090,1139401818
12,48,162,URS00006FB2B2,1,Y,2015-10-19 22:12:25.000000,RNACEN,LN872439.1:1..132:ncRNA:snopy:Mus_musculus300906,1,10090,1139401819
12,48,162,URS000064E4CF,1,Y,2015-10-19 22:12:25.000000,RNACEN,LN872881.1:1..85:ncRNA:snopy:Mus_musculus300907,1,10090,1139401820
12,48,162,URS00006F3750,1,Y,2015-10-19 22:12:25.000000,RNACEN,LN872471.1:1..136:ncRNA:snopy:Mus_musculus300908,1,10090,1139401821
12,48,162,URS00006762F2,1,Y,2015-10-19 22:12:25.000000,RNACEN,LN872852.1:1..71:ncRNA:snopy:Mus_musculus300909,1,10090,1139401822
12,48,162,URS00006F3790,1,Y,2015-10-19 22:12:25.000000,RNACEN,LN872853.1:1..81:ncRNA:snopy:Mus_musculus300910,1,10090,1139401823
12,48,162,URS00006B0393,1,Y,2015-10-19 22:12:25.000000,RNACEN,LN872328.1:1..132:ncRNA:snopy:Mus_musculus300911,1,10090,1139401824
12,48,162,URS0000720D2B,1,Y,2015-10-19 22:12:25.000000,RNACEN,LN872383.1:1..138:ncRNA:snopy:Mus_musculus300912,1,10090,1139401825
12,48,162,URS000062F96B,1,Y,2015-10-19 22:12:25.000000,RNACEN,LN872352.1:1..128:ncRNA:snopy:Mus_musculus300913,1,10090,1139401826
12,48,162,URS000063BCB4,1,Y,2015-10-19 22:12:25.000000,RNACEN,LN872514.1:1..134:ncRNA:snopy:Mus_musculus300914,1,10090,1139401827
12,48,162,URS0000686360,1,Y,2015-10-19 22:12:25.000000,RNACEN,LN872422.1:1..134:ncRNA:snopy:Mus_musculus300915,1,10090,1139401828
12,48,162,URS00006E08D8,1,Y,2015-10-19 22:12:25.000000,RNACEN,LN872902.1:1..77:ncRNA:snopy:Mus_musculus300916,1,10090,1139401829
12,48,162,URS000064EBFF,1,Y,2015-10-19 22:12:25.000000,RNACEN,LN872903.1:1..76:ncRNA:snopy:Mus_musculus300917,1,10090,1139401830
12,48,162,URS0000838C4F,1,Y,2015-10-19 22:12:25.000000,RNACEN,LN872917.1:1..88:ncRNA:snopy:Mus_musculus300918,1,10090,1139401831
12,48,162,URS00006ED7BE,1,Y,2015-10-19 22:12:25.000000,RNACEN,LN872867.1:1..78:ncRNA:snopy:Mus_musculus300919,1,10090,1139401832
12,48,162,URS00006BFB67,1,Y,2015-10-19 22:12:25.000000,RNACEN,LN872868.1:1..76:ncRNA:snopy:Mus_musculus300920,1,10090,1139401833
12,48,162,URS00006FD3F7,1,Y,2015-10-19 22:12:25.000000,RNACEN,LN872405.1:1..122:ncRNA:snopy:Mus_musculus300921,1,10090,1139401834
12,48,162,URS00006B0087,1,Y,2015-10-19 22:12:25.000000,RNACEN,LN872452.1:1..136:ncRNA:snopy:Mus_musculus300922,1,10090,1139401835
12,48,162,URS0000724016,1,Y,2015-10-19 22:12:25.000000,RNACEN,LN872353.1:1..133:ncRNA:snopy:Mus_musculus300923,1,10090,1139401836
12,48,162,URS0000724490,1,Y,2015-10-19 22:12:25.000000,RNACEN,LN872374.1:1..122:ncRNA:snopy:Mus_musculus300924,1,10090,1139401837
12,48,162,URS00006E4010,1,Y,2015-10-19 22:12:25.000000,RNACEN,LN872607.1:1..143:ncRNA:snopy:Mus_musculus300925,1,10090,1139401838
12,48,162,URS000064E09E,1,Y,2015-10-19 22:12:25.000000,RNACEN,LN872379.1:1..127:ncRNA:snopy:Mus_musculus300926,1,10090,1139401839
12,48,162,URS0000689BE6,1,Y,2015-10-19 22:12:25.000000,RNACEN,LN872472.1:1..133:ncRNA:snopy:Mus_musculus300927,1,10090,1139401840
12,48,162,URS000071AC4F,1,Y,2015-10-19 22:12:25.000000,RNACEN,LN872473.1:1..136:ncRNA:snopy:Mus_musculus300928,1,10090,1139401841
12,48,162,URS000070A7BB,1,Y,2015-10-19 22:12:25.000000,RNACEN,LN872365.1:1..128:ncRNA:snopy:Mus_musculus300929,1,10090,1139401842
12,48,162,URS0000852125,1,Y,2015-10-19 22:12:25.000000,RNACEN,LN872921.1:1..67:ncRNA:snopy:Mus_musculus300930,1,10090,1139401843
12,48,162,URS000067327B,1,Y,2015-10-19 22:12:25.000000,RNACEN,LN872924.1:1..81:ncRNA:snopy:Mus_musculus300931,1,10090,1139401844
12,48,162,URS000015031E,1,Y,2015-10-19 22:12:25.000000,RNACEN,LN872922.1:1..68:ncRNA:snopy:Mus_musculus300932,1,10090,1139401845
12,48,162,URS000083DF75,1,Y,2015-10-19 22:12:25.000000,RNACEN,LN872381.1:1..141:ncRNA:snopy:Mus_musculus300933,1,10090,1139401846
12,48,162,URS0000639553,1,Y,2015-10-19 22:12:25.000000,RNACEN,LN872525.1:1..143:ncRNA:snopy:Mus_musculus300934,1,10090,1139401847
12,48,162,URS0000842155,1,Y,2015-10-19 22:12:25.000000,RNACEN,LN872915.1:1..90:ncRNA:snopy:Mus_musculus300935,1,10090,1139401848
12,48,162,URS00006606CF,1,Y,2015-10-19 22:12:25.000000,RNACEN,LN872916.1:1..91:ncRNA:snopy:Mus_musculus300936,1,10090,1139401849
12,48,162,URS0000638F80,1,Y,2015-10-19 22:12:25.000000,RNACEN,LN872848.1:1..65:ncRNA:snopy:Mus_musculus300937,1,10090,1139401850
12,48,162,URS0000116FF5,1,Y,2015-10-19 22:12:25.000000,RNACEN,LN872933.1:1..71:ncRNA:snopy:Mus_musculus300938,1,10090,1139401851
12,48,162,URS00006ABB21,1,Y,2015-10-19 22:12:25.000000,RNACEN,LN872849.1:1..69:ncRNA:snopy:Mus_musculus300939,1,10090,1139401852
12,48,162,URS0000709216,1,Y,2015-10-19 22:12:25.000000,RNACEN,LN872355.1:1..137:ncRNA:snopy:Mus_musculus300944,1,10090,1139401853
12,48,162,URS0000634953,1,Y,2015-10-19 22:12:25.000000,RNACEN,LN872408.1:1..122:ncRNA:snopy:Mus_musculus300945,1,10090,1139401854
12,48,162,URS00006E56B8,1,Y,2015-10-19 22:12:25.000000,RNACEN,LN872937.1:1..76:ncRNA:snopy:Mus_musculus300946,1,10090,1139401855
12,48,162,URS0000701FC1,1,Y,2015-10-19 22:12:25.000000,RNACEN,LN872938.1:1..75:ncRNA:snopy:Mus_musculus300947,1,10090,1139401856
12,48,162,URS0000729366,1,Y,2015-10-19 22:12:25.000000,RNACEN,LN872939.1:1..74:ncRNA:snopy:Mus_musculus300948,1,10090,1139401857
12,48,162,URS00006B14C6,1,Y,2015-10-19 22:12:25.000000,RNACEN,LN871990.1:1..133:ncRNA:snopy:Mus_musculus300949,1,10090,1139401858
12,48,162,URS00006E0B0B,1,Y,2015-10-19 22:12:25.000000,RNACEN,LN872416.1:1..131:ncRNA:snopy:Mus_musculus300950,1,10090,1139401859
12,48,162,URS000085744F,1,Y,2015-10-19 22:12:25.000000,RNACEN,LN872442.1:1..120:ncRNA:snopy:Mus_musculus300951,1,10090,1139401860
12,48,162,URS000068A389,1,Y,2015-10-19 22:12:25.000000,RNACEN,LN871987.1:1..132:ncRNA:snopy:Mus_musculus300952,1,10090,1139401861
12,48,162,URS000068DE90,1,Y,2015-10-19 22:12:25.000000,RNACEN,LN872327.1:1..131:ncRNA:snopy:Mus_musculus300953,1,10090,1139401862
12,48,162,URS00006D6B1A,1,Y,2015-10-19 22:12:25.000000,RNACEN,LN872845.1:1..70:ncRNA:snopy:Mus_musculus300954,1,10090,1139401863
12,48,162,URS000083F273,1,Y,2015-10-19 22:12:25.000000,RNACEN,LN872846.1:1..71:ncRNA:snopy:Mus_musculus300955,1,10090,1139401864
12,48,162,URS00006BD17F,1,Y,2015-10-19 22:12:25.000000,RNACEN,LN872854.1:1..104:ncRNA:snopy:Mus_musculus300956,1,10090,1139401865
12,48,162,URS0000421989,1,Y,2015-10-19 22:12:25.000000,RNACEN,LN872869.1:1..79:ncRNA:snopy:Mus_musculus300957,1,10090,1139401866
12,48,162,URS000084CF33,1,Y,2015-10-19 22:12:25.000000,RNACEN,LN872337.1:1..125:ncRNA:snopy:Mus_musculus300958,1,10090,1139401867
12,48,162,URS000069E65B,1,Y,2015-10-19 22:12:25.000000,RNACEN,LN872490.1:1..131:ncRNA:snopy:Mus_musculus300959,1,10090,1139401868
12,48,162,URS00006B78E6,1,Y,2015-10-19 22:12:25.000000,RNACEN,LN872491.1:1..131:ncRNA:snopy:Mus_musculus300960,1,10090,1139401869
12,48,162,URS0000866538,1,Y,2015-10-19 22:12:25.000000,RNACEN,LN872904.1:1..69:ncRNA:snopy:Mus_musculus300961,1,10090,1139401870
12,48,162,URS000085CA2E,1,Y,2015-10-19 22:12:25.000000,RNACEN,LN872619.1:1..88:ncRNA:snopy:Mus_musculus300962,1,10090,1139401871
12,48,162,URS000085CA2E,1,Y,2015-10-19 22:12:25.000000,RNACEN,LN872620.1:1..88:ncRNA:snopy:Mus_musculus300963,1,10090,1139401872
12,48,162,URS000068B8B8,1,Y,2015-10-19 22:12:25.000000,RNACEN,LN871985.1:1..128:ncRNA:snopy:Mus_musculus300964,1,10090,1139401873
12,48,162,URS0000836969,1,Y,2015-10-19 22:12:25.000000,RNACEN,LN872393.1:1..109:ncRNA:snopy:Mus_musculus300965,1,10090,1139401874
12,48,162,URS00006C37A4,1,Y,2015-10-19 22:12:25.000000,RNACEN,LN872827.1:1..74:ncRNA:snopy:Mus_musculus300966,1,10090,1139401875
12,48,162,URS000064C2DC,1,Y,2015-10-19 22:12:25.000000,RNACEN,LN872840.1:1..74:ncRNA:snopy:Mus_musculus300967,1,10090,1139401876
12,48,162,URS00006D0B57,1,Y,2015-10-19 22:12:25.000000,RNACEN,LN872841.1:1..71:ncRNA:snopy:Mus_musculus300968,1,10090,1139401877
12,48,162,URS00006CD2EF,1,Y,2015-10-19 22:12:25.000000,RNACEN,LN872842.1:1..68:ncRNA:snopy:Mus_musculus300969,1,10090,1139401878
12,48,162,URS00006B83DD,1,Y,2015-10-19 22:12:25.000000,RNACEN,LN872879.1:1..85:ncRNA:snopy:Mus_musculus300970,1,10090,1139401879
12,48,162,URS00006B83DD,1,Y,2015-10-19 22:12:25.000000,RNACEN,LN872880.1:1..85:ncRNA:snopy:Mus_musculus300971,1,10090,1139401880
12,48,162,URS000063A579,1,Y,2015-10-19 22:12:25.000000,RNACEN,LN872610.1:1..137:ncRNA:snopy:Mus_musculus300972,1,10090,1139401881
12,48,162,URS0000630D30,1,Y,2015-10-19 22:12:25.000000,RNACEN,LN872520.1:1..130:ncRNA:snopy:Mus_musculus300973,1,10090,1139401882
12,48,162,URS000068ACAC,1,Y,2015-10-19 22:12:25.000000,RNACEN,LN872914.1:1..111:ncRNA:snopy:Mus_musculus300974,1,10090,1139401883
12,48,162,URS0000637F54,1,Y,2015-10-19 22:12:25.000000,RNACEN,LN871994.1:1..136:ncRNA:snopy:Mus_musculus300975,1,10090,1139401884
12,48,162,URS00006BFA59,1,Y,2015-10-19 22:12:25.000000,RNACEN,LN872886.1:1..111:ncRNA:snopy:Mus_musculus300976,1,10090,1139401885
12,48,162,URS0000651A32,1,Y,2015-10-19 22:12:25.000000,RNACEN,LN871974.1:1..129:ncRNA:snopy:Mus_musculus300977,1,10090,1139401886
12,48,162,URS0000862B5A,1,Y,2015-10-19 22:12:25.000000,RNACEN,LN872368.1:1..124:ncRNA:snopy:Mus_musculus300979,1,10090,1139401887
12,48,162,URS000062B6BC,1,Y,2015-10-19 22:12:25.000000,RNACEN,LN872622.1:1..68:ncRNA:snopy:Mus_musculus300980,1,10090,1139401888
12,48,162,URS0000720D14,1,Y,2015-10-19 22:12:25.000000,RNACEN,LN872480.1:1..133:ncRNA:snopy:Mus_musculus300981,1,10090,1139401889
12,48,162,URS00006D7F0B,1,Y,2015-10-19 22:12:25.000000,RNACEN,LN872870.1:1..70:ncRNA:snopy:Mus_musculus300982,1,10090,1139401890
12,48,162,URS00006DB6CE,1,Y,2015-10-19 22:12:25.000000,RNACEN,LN872871.1:1..72:ncRNA:snopy:Mus_musculus300983,1,10090,1139401891
12,48,162,URS000068C539,1,Y,2015-10-19 22:12:25.000000,RNACEN,LN872569.1:1..138:ncRNA:snopy:Mus_musculus300984,1,10090,1139401892
12,48,162,URS0000694D72,1,Y,2015-10-19 22:12:25.000000,RNACEN,LN872815.1:1..238:ncRNA:snopy:Mus_musculus300985,1,10090,1139401893
12,48,162,URS0000678DAC,1,Y,2015-10-19 22:12:25.000000,RNACEN,LN872570.1:1..133:ncRNA:snopy:Mus_musculus300986,1,10090,1139401894
12,48,162,URS00006B95A5,1,Y,2015-10-19 22:12:25.000000,RNACEN,LN872571.1:1..133:ncRNA:snopy:Mus_musculus300987,1,10090,1139401895
12,48,162,URS00006D5F9D,1,Y,2015-10-19 22:12:25.000000,RNACEN,LN872803.1:1..93:ncRNA:snopy:Mus_musculus300988,1,10090,1139401896
12,48,162,URS000062B7CA,1,Y,2015-10-19 22:12:25.000000,RNACEN,LN872804.1:1..89:ncRNA:snopy:Mus_musculus300989,1,10090,1139401897
12,48,162,URS000072D281,1,Y,2015-10-19 22:12:25.000000,RNACEN,LN872805.1:1..90:ncRNA:snopy:Mus_musculus300990,1,10090,1139401898
12,162,185,URS00006F7FE6,1,Y,2017-10-13 16:02:40.021948,rnacen,LT800692.1:1..88:ncRNA:snopy:Danio_rerio300000,1,7955,1139401899
12,162,185,URS00006BA115,1,Y,2017-10-13 16:02:29.636000,rnacen,LT800693.1:1..88:ncRNA:snopy:Danio_rerio300001,1,7955,1139401900
12,162,185,URS000064E9A4,1,Y,2017-10-13 16:01:49.742506,rnacen,LT800694.1:1..71:ncRNA:snopy:Danio_rerio300006,1,7955,1139401901
12,162,185,URS000071B7E0,1,Y,2017-10-13 16:02:25.111509,rnacen,LT800695.1:1..70:ncRNA:snopy:Danio_rerio300011,1,7955,1139401902
12,162,185,URS000067115C,1,Y,2017-10-13 16:01:56.890166,rnacen,LT800696.1:1..127:ncRNA:snopy:Danio_rerio300012,1,7955,1139401903
12,162,185,URS00006AD8E2,1,Y,2017-10-13 16:02:28.199315,rnacen,LT800697.1:1..70:ncRNA:snopy:Danio_rerio300013,1,7955,1139401904
12,162,185,URS000062866A,1,Y,2017-10-13 16:01:59.858377,rnacen,LT800698.1:1..216:ncRNA:snopy:Danio_rerio300020,1,7955,1139401905
12,162,185,URS00006258DB,1,Y,2017-10-13 16:02:26.722779,rnacen,LT800699.1:1..216:ncRNA:snopy:Danio_rerio300021,1,7955,1139401906
12,162,185,URS00006EE69D,1,Y,2017-10-13 16:01:48.519760,rnacen,LT800700.1:1..216:ncRNA:snopy:Danio_rerio300022,1,7955,1139401907
12,162,185,URS0000728FA9,1,Y,2017-10-13 16:02:41.707419,rnacen,LT800701.1:1..216:ncRNA:snopy:Danio_rerio300023,1,7955,1139401908
12,162,185,URS0000714AB3,1,Y,2017-10-13 16:01:59.349101,rnacen,LT800702.1:1..216:ncRNA:snopy:Danio_rerio300024,1,7955,1139401909
12,162,185,URS000062A271,1,Y,2017-10-13 16:01:47.123142,rnacen,LT800703.1:1..216:ncRNA:snopy:Danio_rerio300025,1,7955,1139401910
12,162,185,URS00006B0848,1,Y,2017-10-13 16:01:58.031478,rnacen,LT800704.1:1..215:ncRNA:snopy:Danio_rerio300026,1,7955,1139401911
12,162,185,URS00006916FA,1,Y,2017-10-13 16:02:13.298713,rnacen,LT800705.1:1..216:ncRNA:snopy:Danio_rerio300027,1,7955,1139401912
12,162,185,URS000070722D,1,Y,2017-10-13 16:02:38.447520,rnacen,LT800706.1:1..216:ncRNA:snopy:Danio_rerio300028,1,7955,1139401913
12,162,185,URS00006D3DBC,1,Y,2017-10-13 16:02:29.343294,rnacen,LT800707.1:1..77:ncRNA:snopy:Danio_rerio300029,1,7955,1139401914
12,162,185,URS00006D3DBC,1,Y,2017-10-13 16:02:29.343306,rnacen,LT800708.1:1..77:ncRNA:snopy:Danio_rerio300030,1,7955,1139401915
12,162,185,URS0000677FC1,1,Y,2017-10-13 16:02:13.142714,rnacen,LT800709.1:1..69:ncRNA:snopy:Danio_rerio300031,1,7955,1139401916
12,162,185,URS0000718FED,1,Y,2017-10-13 16:02:19.517687,rnacen,LT800710.1:1..94:ncRNA:snopy:Danio_rerio300032,1,7955,1139401917
12,162,185,URS0000648EF9,1,Y,2017-10-13 16:01:45.314132,rnacen,LT800711.1:1..93:ncRNA:snopy:Danio_rerio300033,1,7955,1139401918
12,162,185,URS00006C8EE0,1,Y,2017-10-13 16:01:58.914760,rnacen,LT800712.1:1..94:ncRNA:snopy:Danio_rerio300034,1,7955,1139401919
12,162,185,URS0000A87B8A,1,Y,2017-10-13 16:01:56.208001,rnacen,LT800713.1:1..87:ncRNA:snopy:Danio_rerio300035,1,7955,1139401920
12,162,185,URS000072ED4F,1,Y,2017-10-13 16:02:04.693451,rnacen,LT800714.1:1..216:ncRNA:snopy:Danio_rerio300036,1,7955,1139401921
12,162,185,URS000063D735,1,Y,2017-10-13 16:02:05.045836,rnacen,LT800715.1:1..216:ncRNA:snopy:Danio_rerio300037,1,7955,1139401922
12,162,185,URS00006FA4FC,1,Y,2017-10-13 16:02:14.888471,rnacen,LT800716.1:1..215:ncRNA:snopy:Danio_rerio300038,1,7955,1139401923
12,162,185,URS000063B546,1,Y,2017-10-13 16:02:34.829682,rnacen,LT800717.1:1..216:ncRNA:snopy:Danio_rerio300039,1,7955,1139401924
12,162,185,URS00006F5D22,1,Y,2017-10-13 16:01:55.736322,rnacen,LT800718.1:1..131:ncRNA:snopy:Danio_rerio300042,1,7955,1139401925
12,162,185,URS000063879A,1,Y,2017-10-13 16:02:15.550152,rnacen,LT800719.1:1..131:ncRNA:snopy:Danio_rerio300043,1,7955,1139401926
12,162,185,URS0000664E8E,1,Y,2017-10-13 16:02:22.222318,rnacen,LT800720.1:1..131:ncRNA:snopy:Danio_rerio300044,1,7955,1139401927
12,162,185,URS0000633157,1,Y,2017-10-13 16:01:53.684132,rnacen,LT800721.1:1..131:ncRNA:snopy:Danio_rerio300045,1,7955,1139401928
12,162,185,URS00006A6FBC,1,Y,2017-10-13 16:02:28.075790,rnacen,LT800722.1:1..72:ncRNA:snopy:Danio_rerio300046,1,7955,1139401929
12,162,185,URS00006720AE,1,Y,2017-10-13 16:02:23.083481,rnacen,LT800723.1:1..216:ncRNA:snopy:Danio_rerio300047,1,7955,1139401930
12,162,185,URS0000671535,1,Y,2017-10-13 16:01:45.906168,rnacen,LT800724.1:1..217:ncRNA:snopy:Danio_rerio300048,1,7955,1139401931
12,162,185,URS00006FA85B,1,Y,2017-10-13 16:02:07.870146,rnacen,LT800725.1:1..216:ncRNA:snopy:Danio_rerio300049,1,7955,1139401932
12,162,185,URS00006D0609,1,Y,2017-10-13 16:02:00.313757,rnacen,LT800726.1:1..217:ncRNA:snopy:Danio_rerio300051,1,7955,1139401933
12,162,185,URS00006D0030,1,Y,2017-10-13 16:01:55.813371,rnacen,LT800727.1:1..217:ncRNA:snopy:Danio_rerio300052,1,7955,1139401934
12,162,185,URS00006F9D80,1,Y,2017-10-13 16:02:27.557339,rnacen,LT800728.1:1..216:ncRNA:snopy:Danio_rerio300053,1,7955,1139401935
12,162,185,URS0000709C68,1,Y,2017-10-13 16:02:20.127778,rnacen,LT800729.1:1..99:ncRNA:snopy:Danio_rerio300054,1,7955,1139401936
12,162,185,URS0000708BF0,1,Y,2017-10-13 16:02:26.140912,rnacen,LT800730.1:1..216:ncRNA:snopy:Danio_rerio300055,1,7955,1139401937
12,162,185,URS0000A8F557,1,Y,2017-10-13 16:01:49.075281,rnacen,LT800731.1:1..76:ncRNA:snopy:Danio_rerio300057,1,7955,1139401938
12,162,185,URS000066B3AF,1,Y,2017-10-13 16:02:13.578595,rnacen,LT800732.1:1..133:ncRNA:snopy:Danio_rerio300059,1,7955,1139401939
12,162,185,URS00007084FE,1,Y,2017-10-13 16:02:10.970171,rnacen,LT800733.1:1..90:ncRNA:snopy:Danio_rerio300061,1,7955,1139401940
12,162,185,URS00006C3DCB,1,Y,2017-10-13 16:02:28.017658,rnacen,LT800734.1:1..136:ncRNA:snopy:Danio_rerio300062,1,7955,1139401941
12,162,185,URS0000696C61,1,Y,2017-10-13 16:02:40.947227,rnacen,LT800735.1:1..136:ncRNA:snopy:Danio_rerio300063,1,7955,1139401942
12,162,185,URS00006A4AAC,1,Y,2017-10-13 16:02:19.510165,rnacen,LT800736.1:1..136:ncRNA:snopy:Danio_rerio300064,1,7955,1139401943
12,162,185,URS0000AA80B6,1,Y,2017-10-13 16:02:25.595332,rnacen,LT800737.1:1..131:ncRNA:snopy:Danio_rerio300065,1,7955,1139401944
12,162,185,URS0000708BF0,1,Y,2017-10-13 16:02:26.140927,rnacen,LT800738.1:1..216:ncRNA:snopy:Danio_rerio300066,1,7955,1139401945
12,162,185,URS00006E0A43,1,Y,2017-10-13 16:01:54.296500,rnacen,LT800739.1:1..216:ncRNA:snopy:Danio_rerio300068,1,7955,1139401946
12,162,185,URS0000708BF0,1,Y,2017-10-13 16:02:26.140932,rnacen,LT800740.1:1..216:ncRNA:snopy:Danio_rerio300069,1,7955,1139401947
12,162,185,URS000071AC77,1,Y,2017-10-13 16:01:46.757704,rnacen,LT800741.1:1..217:ncRNA:snopy:Danio_rerio300070,1,7955,1139401948
12,162,185,URS00006342F8,1,Y,2017-10-13 16:01:47.162899,rnacen,LT800742.1:1..216:ncRNA:snopy:Danio_rerio300071,1,7955,1139401949
12,162,185,URS000062B416,1,Y,2017-10-13 16:01:41.490521,rnacen,LT800743.1:1..216:ncRNA:snopy:Danio_rerio300072,1,7955,1139401950
12,162,185,URS00006A070A,1,Y,2017-10-13 16:01:58.484569,rnacen,LT800744.1:1..216:ncRNA:snopy:Danio_rerio300073,1,7955,1139401951
12,162,185,URS000070315A,1,Y,2017-10-13 16:01:38.038200,rnacen,LT800745.1:1..133:ncRNA:snopy:Danio_rerio300075,1,7955,1139401952
12,162,185,URS00006EDD46,1,Y,2017-10-13 16:01:50.494173,rnacen,LT800746.1:1..127:ncRNA:snopy:Danio_rerio300076,1,7955,1139401953
12,162,185,URS000066182D,1,Y,2017-10-13 16:01:56.083464,rnacen,LT800747.1:1..133:ncRNA:snopy:Danio_rerio300078,1,7955,1139401954
12,162,185,URS000063BD50,1,Y,2017-10-13 16:01:43.074198,rnacen,LT800748.1:1..133:ncRNA:snopy:Danio_rerio300080,1,7955,1139401955
12,162,185,URS000067C834,1,Y,2017-10-13 16:01:55.916773,rnacen,LT800749.1:1..133:ncRNA:snopy:Danio_rerio300082,1,7955,1139401956
12,162,185,URS0000690D66,1,Y,2017-10-13 16:02:06.075655,rnacen,LT800750.1:1..71:ncRNA:snopy:Danio_rerio300085,1,7955,1139401957
12,162,185,URS000069D8C1,1,Y,2017-10-13 16:02:09.363018,rnacen,LT800751.1:1..72:ncRNA:snopy:Danio_rerio300086,1,7955,1139401958
12,162,185,URS0000A90C33,1,Y,2017-10-13 16:02:14.191162,rnacen,LT800752.1:1..81:ncRNA:snopy:Danio_rerio300087,1,7955,1139401959
12,162,185,URS0000A842E0,1,Y,2017-10-13 16:01:55.468105,rnacen,LT800753.1:1..81:ncRNA:snopy:Danio_rerio300088,1,7955,1139401960
12,162,185,URS000065DA31,1,Y,2017-10-13 16:01:50.507905,rnacen,LT800754.1:1..71:ncRNA:snopy:Danio_rerio300090,1,7955,1139401961
12,162,185,URS00006A76D4,1,Y,2017-10-13 16:01:55.129204,rnacen,LT800755.1:1..74:ncRNA:snopy:Danio_rerio300091,1,7955,1139401962
12,162,185,URS00006CD024,1,Y,2017-10-13 16:02:36.599607,rnacen,LT800756.1:1..81:ncRNA:snopy:Danio_rerio300092,1,7955,1139401963
12,162,185,URS00006FB8C1,1,Y,2017-10-13 16:02:25.041463,rnacen,LT800757.1:1..71:ncRNA:snopy:Danio_rerio300093,1,7955,1139401964
12,162,185,URS000068FCA3,1,Y,2017-10-13 16:02:13.874153,rnacen,LT800758.1:1..71:ncRNA:snopy:Danio_rerio300094,1,7955,1139401965
12,162,185,URS00006944CF,1,Y,2017-10-13 16:01:48.298923,rnacen,LT800759.1:1..76:ncRNA:snopy:Danio_rerio300097,1,7955,1139401966
12,162,185,URS00006667FA,1,Y,2017-10-13 16:02:05.715727,rnacen,LT800760.1:1..90:ncRNA:snopy:Danio_rerio300099,1,7955,1139401967
12,162,185,URS000067D85C,1,Y,2017-10-13 16:02:38.671111,rnacen,LT800761.1:1..136:ncRNA:snopy:Danio_rerio300100,1,7955,1139401968
12,162,185,URS0000685768,1,Y,2017-10-13 16:02:02.246477,rnacen,LT800762.1:1..99:ncRNA:snopy:Danio_rerio300101,1,7955,1139401969
12,162,185,URS0000697F48,1,Y,2017-10-13 16:01:53.861067,rnacen,LT800763.1:1..137:ncRNA:snopy:Danio_rerio300102,1,7955,1139401970
12,162,185,URS00006B37BE,1,Y,2017-10-13 16:01:48.354406,rnacen,LT800764.1:1..85:ncRNA:snopy:Danio_rerio300103,1,7955,1139401971
12,162,185,URS0000644FED,1,Y,2017-10-13 16:02:08.326414,rnacen,LT800765.1:1..87:ncRNA:snopy:Danio_rerio300104,1,7955,1139401972
12,162,185,URS00006FB7D7,1,Y,2017-10-13 16:02:43.097799,rnacen,LT800766.1:1..85:ncRNA:snopy:Danio_rerio300105,1,7955,1139401973
12,162,185,URS00006AC9B9,1,Y,2017-10-13 16:02:18.488612,rnacen,LT800767.1:1..85:ncRNA:snopy:Danio_rerio300106,1,7955,1139401974
12,162,185,URS0000A97982,1,Y,2017-10-13 16:02:06.352264,rnacen,LT800768.1:1..127:ncRNA:snopy:Danio_rerio300107,1,7955,1139401975
12,162,185,URS0000A8C893,1,Y,2017-10-13 16:01:43.547781,rnacen,LT800769.1:1..128:ncRNA:snopy:Danio_rerio300108,1,7955,1139401976
12,162,185,URS0000A845D6,1,Y,2017-10-13 16:02:14.765781,rnacen,LT800770.1:1..128:ncRNA:snopy:Danio_rerio300109,1,7955,1139401977
12,162,185,URS0000A9AE2B,1,Y,2017-10-13 16:01:50.169142,rnacen,LT800771.1:1..128:ncRNA:snopy:Danio_rerio300110,1,7955,1139401978
12,162,185,URS0000A8BD81,1,Y,2017-10-13 16:01:54.083847,rnacen,LT800772.1:1..128:ncRNA:snopy:Danio_rerio300111,1,7955,1139401979
12,162,185,URS0000662F18,1,Y,2017-10-13 16:02:09.328656,rnacen,LT800773.1:1..72:ncRNA:snopy:Danio_rerio300112,1,7955,1139401980
12,162,185,URS00006EE95D,1,Y,2017-10-13 16:02:04.619969,rnacen,LT800774.1:1..72:ncRNA:snopy:Danio_rerio300113,1,7955,1139401981
12,162,185,URS00006F6787,1,Y,2017-10-13 16:02:29.524469,rnacen,LT800775.1:1..76:ncRNA:snopy:Danio_rerio300114,1,7955,1139401982
12,162,185,URS000065E0C5,1,Y,2017-10-13 16:01:44.959474,rnacen,LT800776.1:1..71:ncRNA:snopy:Danio_rerio300115,1,7955,1139401983
12,162,185,URS000072C063,1,Y,2017-10-13 16:01:58.950896,rnacen,LT800777.1:1..142:ncRNA:snopy:Danio_rerio300116,1,7955,1139401984
12,162,185,URS0000AB042C,1,Y,2017-10-13 16:02:12.994648,rnacen,LT800778.1:1..90:ncRNA:snopy:Danio_rerio300117,1,7955,1139401985
12,162,185,URS0000A99F01,1,Y,2017-10-13 16:02:02.942405,rnacen,LT800779.1:1..179:ncRNA:snopy:Danio_rerio300118,1,7955,1139401986
12,162,185,URS000067F01B,1,Y,2017-10-13 16:02:29.933130,rnacen,LT800780.1:1..181:ncRNA:snopy:Danio_rerio300119,1,7955,1139401987
12,162,185,URS00006983C6,1,Y,2017-10-13 16:01:35.503868,rnacen,LT800781.1:1..96:ncRNA:snopy:Danio_rerio300120,1,7955,1139401988
12,162,185,URS00006516C4,1,Y,2017-10-13 16:02:40.972244,rnacen,LT800782.1:1..96:ncRNA:snopy:Danio_rerio300121,1,7955,1139401989
12,162,185,URS000070ACD4,1,Y,2017-10-13 16:02:37.415506,rnacen,LT800783.1:1..96:ncRNA:snopy:Danio_rerio300123,1,7955,1139401990
12,162,185,URS000063CA6C,1,Y,2017-10-13 16:02:40.474708,rnacen,LT800784.1:1..77:ncRNA:snopy:Danio_rerio300124,1,7955,1139401991
12,162,185,URS000062B354,1,Y,2017-10-13 16:01:39.741157,rnacen,LT800785.1:1..134:ncRNA:snopy:Danio_rerio300125,1,7955,1139401992
12,162,185,URS00006BAA23,1,Y,2017-10-13 16:02:30.682688,rnacen,LT800786.1:1..79:ncRNA:snopy:Danio_rerio300126,1,7955,1139401993
12,162,185,URS000066524B,1,Y,2017-10-13 16:01:42.684283,rnacen,LT800787.1:1..88:ncRNA:snopy:Danio_rerio300127,1,7955,1139401994
12,162,185,URS00006DCD04,1,Y,2017-10-13 16:02:12.656552,rnacen,LT800788.1:1..147:ncRNA:snopy:Danio_rerio300128,1,7955,1139401995
12,162,185,URS00006EDBF7,1,Y,2017-10-13 16:01:50.300942,rnacen,LT800789.1:1..149:ncRNA:snopy:Danio_rerio300129,1,7955,1139401996
12,162,185,URS00006BD550,1,Y,2017-10-13 16:02:22.061666,rnacen,LT800790.1:1..149:ncRNA:snopy:Danio_rerio300130,1,7955,1139401997
12,162,185,URS0000643858,1,Y,2017-10-13 16:01:36.045080,rnacen,LT800791.1:1..98:ncRNA:snopy:Danio_rerio300131,1,7955,1139401998
12,162,185,URS0000713A3E,1,Y,2017-10-13 16:01:48.151804,rnacen,LT800792.1:1..68:ncRNA:snopy:Danio_rerio300132,1,7955,1139401999
12,162,185,URS00006EFAB5,1,Y,2017-10-13 16:02:04.971539,rnacen,LT800793.1:1..98:ncRNA:snopy:Danio_rerio300133,1,7955,1139402000
12,162,185,URS0000721D10,1,Y,2017-10-13 16:02:08.646078,rnacen,LT800794.1:1..69:ncRNA:snopy:Danio_rerio300134,1,7955,1139402001
12,162,185,URS000069456A,1,Y,2017-10-13 16:02:14.203878,rnacen,LT800795.1:1..68:ncRNA:snopy:Danio_rerio300135,1,7955,1139402002
12,162,185,URS00006D9198,1,Y,2017-10-13 16:01:43.716280,rnacen,LT800796.1:1..70:ncRNA:snopy:Danio_rerio300136,1,7955,1139402003
12,162,185,URS000066278F,1,Y,2017-10-13 16:02:16.289365,rnacen,LT800797.1:1..81:ncRNA:snopy:Danio_rerio300137,1,7955,1139402004
12,162,185,URS0000A9FC24,1,Y,2017-10-13 16:02:37.900950,rnacen,LT800798.1:1..76:ncRNA:snopy:Danio_rerio300138,1,7955,1139402005
12,162,185,URS000062E9D6,1,Y,2017-10-13 16:01:46.581092,rnacen,LT800799.1:1..82:ncRNA:snopy:Danio_rerio300139,1,7955,1139402006
12,162,185,URS00006E64CA,1,Y,2017-10-13 16:02:00.748099,rnacen,LT800800.1:1..82:ncRNA:snopy:Danio_rerio300140,1,7955,1139402007
12,162,185,URS00006F1FA5,1,Y,2017-10-13 16:02:31.248369,rnacen,LT800801.1:1..67:ncRNA:snopy:Danio_rerio300141,1,7955,1139402008
12,162,185,URS0000A85A3D,1,Y,2017-10-13 16:01:45.767183,rnacen,LT800802.1:1..67:ncRNA:snopy:Danio_rerio300142,1,7955,1139402009
12,162,185,URS0000A791F3,1,Y,2017-10-13 16:02:03.200389,rnacen,LT800803.1:1..67:ncRNA:snopy:Danio_rerio300143,1,7955,1139402010
12,162,185,URS000062ACC9,1,Y,2017-10-13 16:02:16.912234,rnacen,LT800804.1:1..136:ncRNA:snopy:Danio_rerio300144,1,7955,1139402011
12,162,185,URS000067B3D9,1,Y,2017-10-13 16:02:27.217972,rnacen,LT800805.1:1..221:ncRNA:snopy:Danio_rerio300145,1,7955,1139402012
12,162,185,URS000072AA8B,1,Y,2017-10-13 16:01:56.627679,rnacen,LT800806.1:1..220:ncRNA:snopy:Danio_rerio300146,1,7955,1139402013
12,162,185,URS000064DD96,1,Y,2017-10-13 16:01:54.177259,rnacen,LT800807.1:1..221:ncRNA:snopy:Danio_rerio300147,1,7955,1139402014
12,162,185,URS00006EBFC0,1,Y,2017-10-13 16:01:48.902955,rnacen,LT800808.1:1..221:ncRNA:snopy:Danio_rerio300148,1,7955,1139402015
12,162,185,URS00006C4D1C,1,Y,2017-10-13 16:02:10.641391,rnacen,LT800809.1:1..136:ncRNA:snopy:Danio_rerio300149,1,7955,1139402016
12,162,185,URS0000724296,1,Y,2017-10-13 16:02:25.306783,rnacen,LT800810.1:1..68:ncRNA:snopy:Danio_rerio300150,1,7955,1139402017
12,162,185,URS0000682614,1,Y,2017-10-13 16:02:34.899108,rnacen,LT800811.1:1..76:ncRNA:snopy:Danio_rerio300152,1,7955,1139402018
12,162,185,URS0000693ABF,1,Y,2017-10-13 16:02:09.032761,rnacen,LT800812.1:1..77:ncRNA:snopy:Danio_rerio300153,1,7955,1139402019
12,162,185,URS00006E33BB,1,Y,2017-10-13 16:01:43.454494,rnacen,LT800813.1:1..77:ncRNA:snopy:Danio_rerio300154,1,7955,1139402020
12,162,185,URS00006815C7,1,Y,2017-10-13 16:02:29.595425,rnacen,LT800814.1:1..77:ncRNA:snopy:Danio_rerio300155,1,7955,1139402021
12,162,185,URS0000685B28,1,Y,2017-10-13 16:02:40.283527,rnacen,LT800815.1:1..68:ncRNA:snopy:Danio_rerio300156,1,7955,1139402022
12,162,185,URS00006404C6,1,Y,2017-10-13 16:01:42.477634,rnacen,LT800816.1:1..131:ncRNA:snopy:Danio_rerio300157,1,7955,1139402023
12,162,185,URS00006C59A3,1,Y,2017-10-13 16:02:24.474819,rnacen,LT800817.1:1..124:ncRNA:snopy:Danio_rerio300158,1,7955,1139402024
12,162,185,URS00006D144B,1,Y,2017-10-13 16:02:29.152214,rnacen,LT800818.1:1..138:ncRNA:snopy:Danio_rerio300163,1,7955,1139402025
12,162,185,URS00006A6240,1,Y,2017-10-13 16:02:26.519881,rnacen,LT800819.1:1..85:ncRNA:snopy:Danio_rerio300164,1,7955,1139402026
12,162,185,URS0000B3ABAC,1,Y,2017-10-13 16:02:45.791854,rnacen,LT800820.1:1..66:ncRNA:snopy:Danio_rerio300166,1,7955,1139402027
12,162,185,URS00006E354B,1,Y,2017-10-13 16:01:38.772896,rnacen,LT800821.1:1..134:ncRNA:snopy:Danio_rerio300167,1,7955,1139402028
12,162,185,URS00006D0E77,1,Y,2017-10-13 16:02:26.968724,rnacen,LT800822.1:1..134:ncRNA:snopy:Danio_rerio300168,1,7955,1139402029
12,162,185,URS0000646CFC,1,Y,2017-10-13 16:01:40.000056,rnacen,LT800823.1:1..127:ncRNA:snopy:Danio_rerio300169,1,7955,1139402030
12,162,185,URS00006B55B3,1,Y,2017-10-13 16:01:39.905335,rnacen,LT800824.1:1..82:ncRNA:snopy:Danio_rerio300170,1,7955,1139402031
12,162,185,URS000062A71F,1,Y,2017-10-13 16:02:15.746137,rnacen,LT800825.1:1..77:ncRNA:snopy:Danio_rerio300171,1,7955,1139402032
12,162,185,URS0000A8F228,1,Y,2017-10-13 16:02:03.149948,rnacen,LT800826.1:1..137:ncRNA:snopy:Danio_rerio300172,1,7955,1139402033
12,162,185,URS0000A9BF81,1,Y,2017-10-13 16:02:21.375237,rnacen,LT800827.1:1..137:ncRNA:snopy:Danio_rerio300173,1,7955,1139402034
12,162,185,URS0000657202,1,Y,2017-10-13 16:02:11.463084,rnacen,LT800828.1:1..78:ncRNA:snopy:Danio_rerio300174,1,7955,1139402035
12,162,185,URS0000693597,1,Y,2017-10-13 16:01:56.380853,rnacen,LT800829.1:1..79:ncRNA:snopy:Danio_rerio300175,1,7955,1139402036
12,162,185,URS0000B676E8,1,Y,2017-10-13 16:02:45.701496,rnacen,LT800830.1:1..68:ncRNA:snopy:Danio_rerio300176,1,7955,1139402037
12,162,185,URS000068843D,1,Y,2017-10-13 16:01:44.306264,rnacen,LT800831.1:1..217:ncRNA:snopy:Danio_rerio300182,1,7955,1139402038
12,162,185,URS00006CA046,1,Y,2017-10-13 16:01:36.715108,rnacen,LT800832.1:1..138:ncRNA:snopy:Danio_rerio300183,1,7955,1139402039
12,162,185,URS00006C16CE,1,Y,2017-10-13 16:02:25.752830,rnacen,LT800833.1:1..131:ncRNA:snopy:Danio_rerio300184,1,7955,1139402040
12,162,185,URS000063199F,1,Y,2017-10-13 16:02:19.969645,rnacen,LT800834.1:1..134:ncRNA:snopy:Danio_rerio300185,1,7955,1139402041
12,162,185,URS000062749F,1,Y,2017-10-13 16:02:36.605644,rnacen,LT800835.1:1..72:ncRNA:snopy:Danio_rerio300186,1,7955,1139402042
12,162,185,URS00006AA959,1,Y,2017-10-13 16:02:10.620305,rnacen,LT800836.1:1..88:ncRNA:snopy:Danio_rerio300187,1,7955,1139402043
12,162,185,URS000067BC27,1,Y,2017-10-13 16:01:58.393617,rnacen,LT800837.1:1..61:ncRNA:snopy:Danio_rerio300188,1,7955,1139402044
12,162,185,URS00006E8BC4,1,Y,2017-10-13 16:02:18.708271,rnacen,LT800838.1:1..106:ncRNA:snopy:Danio_rerio300189,1,7955,1139402045
12,162,185,URS000072302E,1,Y,2017-10-13 16:02:31.839092,rnacen,LT800839.1:1..133:ncRNA:snopy:Danio_rerio300190,1,7955,1139402046
12,162,185,URS0000A85B41,1,Y,2017-10-13 16:01:53.881099,rnacen,LT800840.1:1..134:ncRNA:snopy:Danio_rerio300191,1,7955,1139402047
12,162,185,URS000067237A,1,Y,2017-10-13 16:02:42.924033,rnacen,LT800841.1:1..294:ncRNA:snopy:Danio_rerio300192,1,7955,1139402048
12,162,185,URS00006EB701,1,Y,2017-10-13 16:01:47.455736,rnacen,LT800842.1:1..309:ncRNA:snopy:Danio_rerio300193,1,7955,1139402049
12,162,185,URS0000625B42,1,Y,2017-10-13 16:01:50.945789,rnacen,LT800843.1:1..321:ncRNA:snopy:Danio_rerio300194,1,7955,1139402050
12,162,185,URS0000697F18,1,Y,2017-10-13 16:01:44.937321,rnacen,LT800844.1:1..71:ncRNA:snopy:Danio_rerio300195,1,7955,1139402051
12,162,185,URS00006924EA,1,Y,2017-10-13 16:01:39.921721,rnacen,LT800845.1:1..71:ncRNA:snopy:Danio_rerio300196,1,7955,1139402052
12,162,185,URS00006A27E1,1,Y,2017-10-13 16:02:00.318714,rnacen,LT800846.1:1..179:ncRNA:snopy:Danio_rerio300197,1,7955,1139402053
12,162,185,URS000065B865,1,Y,2017-10-13 16:02:14.768772,rnacen,LT800847.1:1..190:ncRNA:snopy:Danio_rerio300198,1,7955,1139402054
12,162,185,URS00006B4742,1,Y,2017-10-13 16:02:38.142588,rnacen,LT800848.1:1..72:ncRNA:snopy:Danio_rerio300199,1,7955,1139402055
12,162,185,URS00006D4EDF,1,Y,2017-10-13 16:02:33.165570,rnacen,LT800849.1:1..136:ncRNA:snopy:Danio_rerio300200,1,7955,1139402056
12,162,185,URS00006B52F5,1,Y,2017-10-13 16:02:40.011048,rnacen,LT800850.1:1..130:ncRNA:snopy:Danio_rerio300201,1,7955,1139402057
12,162,185,URS0000698FBD,1,Y,2017-10-13 16:02:16.002019,rnacen,LT800851.1:1..98:ncRNA:snopy:Danio_rerio300202,1,7955,1139402058
12,162,185,URS00006E9C1A,1,Y,2017-10-13 16:02:20.498437,rnacen,LT800852.1:1..198:ncRNA:snopy:Danio_rerio300203,1,7955,1139402059
12,162,185,URS00009304AD,1,Y,2017-10-13 16:02:16.985045,rnacen,LT800853.1:1..135:ncRNA:snopy:Danio_rerio300204,1,7955,1139402060
12,162,185,URS0000AA7DEB,1,Y,2017-10-13 16:01:50.384747,rnacen,LT800854.1:1..136:ncRNA:snopy:Danio_rerio300205,1,7955,1139402061
12,162,185,URS00006F904E,1,Y,2017-10-13 16:02:13.329925,rnacen,LT800855.1:1..137:ncRNA:snopy:Danio_rerio300206,1,7955,1139402062
12,162,185,URS00006CF6E8,1,Y,2017-10-13 16:02:07.686469,rnacen,LT800856.1:1..137:ncRNA:snopy:Danio_rerio300207,1,7955,1139402063
12,162,185,URS0000A95277,1,Y,2017-10-13 16:01:44.297299,rnacen,LT800857.1:1..56:ncRNA:snopy:Danio_rerio300208,1,7955,1139402064
12,162,185,URS0000AA8B86,1,Y,2017-10-13 16:02:02.598493,rnacen,LT800858.1:1..129:ncRNA:snopy:Danio_rerio300209,1,7955,1139402065
12,162,185,URS000070D5F2,1,Y,2017-10-13 16:02:27.078714,rnacen,LT800859.1:1..127:ncRNA:snopy:Danio_rerio300210,1,7955,1139402066
12,162,185,URS00006548A7,1,Y,2017-10-13 16:02:30.961195,rnacen,LT800860.1:1..127:ncRNA:snopy:Danio_rerio300211,1,7955,1139402067
12,162,185,URS0000AAF4F6,1,Y,2017-10-13 16:02:21.936930,rnacen,LT800861.1:1..134:ncRNA:snopy:Danio_rerio300212,1,7955,1139402068
12,162,185,URS0000703E8A,1,Y,2017-10-13 16:02:23.151977,rnacen,LT800862.1:1..135:ncRNA:snopy:Danio_rerio300213,1,7955,1139402069
12,162,185,URS0000A8AB16,1,Y,2017-10-13 16:02:12.401632,rnacen,LT800863.1:1..124:ncRNA:snopy:Danio_rerio300214,1,7955,1139402070
12,162,185,URS0000A8849D,1,Y,2017-10-13 16:01:47.178202,rnacen,LT800864.1:1..97:ncRNA:snopy:Danio_rerio300215,1,7955,1139402071
12,162,185,URS000063C857,1,Y,2017-10-13 16:02:09.187500,rnacen,LT800865.1:1..139:ncRNA:snopy:Danio_rerio300216,1,7955,1139402072
12,162,185,URS00006B63F4,1,Y,2017-10-13 16:02:02.782143,rnacen,LT800866.1:1..142:ncRNA:snopy:Danio_rerio300217,1,7955,1139402073
12,162,185,URS000072A4AA,1,Y,2017-10-13 16:02:25.553410,rnacen,LT800867.1:1..85:ncRNA:snopy:Danio_rerio300218,1,7955,1139402074
12,162,185,URS000068ED9B,1,Y,2017-10-13 16:02:42.092796,rnacen,LT800868.1:1..84:ncRNA:snopy:Danio_rerio300219,1,7955,1139402075
12,162,185,URS000065B39C,1,Y,2017-10-13 16:01:52.321517,rnacen,LT800869.1:1..91:ncRNA:snopy:Danio_rerio300220,1,7955,1139402076
12,162,185,URS00006505D4,1,Y,2017-10-13 16:01:52.936108,rnacen,LT800870.1:1..104:ncRNA:snopy:Danio_rerio300221,1,7955,1139402077
12,162,185,URS00006FA9B1,1,Y,2017-10-13 16:02:26.600976,rnacen,LT800871.1:1..115:ncRNA:snopy:Danio_rerio300222,1,7955,1139402078
12,162,185,URS00006F4B0A,1,Y,2017-10-13 16:01:41.902332,rnacen,LT800872.1:1..111:ncRNA:snopy:Danio_rerio300223,1,7955,1139402079
12,162,185,URS0000712F21,1,Y,2017-10-13 16:02:14.009692,rnacen,LT800873.1:1..65:ncRNA:snopy:Danio_rerio300224,1,7955,1139402080
12,162,185,URS0000682C1E,1,Y,2017-10-13 16:02:41.281930,rnacen,LT800874.1:1..74:ncRNA:snopy:Danio_rerio300225,1,7955,1139402081
12,162,185,URS0000641326,1,Y,2017-10-13 16:02:17.448920,rnacen,LT800875.1:1..139:ncRNA:snopy:Danio_rerio300226,1,7955,1139402082
12,162,185,URS000070DC51,1,Y,2017-10-13 16:01:43.879153,rnacen,LT800876.1:1..128:ncRNA:snopy:Danio_rerio300227,1,7955,1139402083
12,162,185,URS0000655E75,1,Y,2017-10-13 16:02:16.920013,rnacen,LT800877.1:1..83:ncRNA:snopy:Danio_rerio300229,1,7955,1139402084
12,162,185,URS0000AA5C91,1,Y,2017-10-13 16:01:36.839304,rnacen,LT800878.1:1..127:ncRNA:snopy:Danio_rerio300230,1,7955,1139402085
12,162,185,URS00006EBDDF,1,Y,2017-10-13 16:02:08.625517,rnacen,LT800879.1:1..82:ncRNA:snopy:Danio_rerio300232,1,7955,1139402086
12,162,185,URS000066D35C,1,Y,2017-10-13 16:02:07.286272,rnacen,LT800880.1:1..83:ncRNA:snopy:Danio_rerio300233,1,7955,1139402087
12,162,185,URS00006240A6,1,Y,2017-10-13 16:02:37.387287,rnacen,LT800881.1:1..127:ncRNA:snopy:Danio_rerio300234,1,7955,1139402088
12,162,185,URS00006C36E4,1,Y,2017-10-13 16:02:25.527478,rnacen,LT800882.1:1..127:ncRNA:snopy:Danio_rerio300235,1,7955,1139402089
12,162,185,URS0000646D97,1,Y,2017-10-13 16:02:03.175884,rnacen,LT800883.1:1..130:ncRNA:snopy:Danio_rerio300236,1,7955,1139402090
12,162,185,URS0000684502,1,Y,2017-10-13 16:02:34.649867,rnacen,LT800884.1:1..131:ncRNA:snopy:Danio_rerio300237,1,7955,1139402091
12,162,185,URS0000AAEC6B,1,Y,2017-10-13 16:02:11.955329,rnacen,LT800885.1:1..90:ncRNA:snopy:Danio_rerio300238,1,7955,1139402092
12,162,185,URS00006A986D,1,Y,2017-10-13 16:02:23.477780,rnacen,LT800886.1:1..135:ncRNA:snopy:Danio_rerio300239,1,7955,1139402093
12,162,185,URS00006A0497,1,Y,2017-10-13 16:01:35.959228,rnacen,LT800887.1:1..133:ncRNA:snopy:Danio_rerio300240,1,7955,1139402094
12,162,185,URS000063C799,1,Y,2017-10-13 16:02:31.503573,rnacen,LT800888.1:1..133:ncRNA:snopy:Danio_rerio300241,1,7955,1139402095
12,162,185,URS000062D6E0,1,Y,2017-10-13 16:01:40.282402,rnacen,LT800889.1:1..216:ncRNA:snopy:Danio_rerio300242,1,7955,1139402096
12,162,185,URS00006D7913,1,Y,2017-10-13 16:01:45.791934,rnacen,LT800890.1:1..216:ncRNA:snopy:Danio_rerio300243,1,7955,1139402097
12,162,185,URS0000708BF0,1,Y,2017-10-13 16:02:26.140959,rnacen,LT800891.1:1..216:ncRNA:snopy:Danio_rerio300244,1,7955,1139402098
12,162,185,URS0000708BF0,1,Y,2017-10-13 16:02:26.140980,rnacen,LT800892.1:1..216:ncRNA:snopy:Danio_rerio300245,1,7955,1139402099
12,162,185,URS00006E0434,1,Y,2017-10-13 16:02:16.202088,rnacen,LT800893.1:1..198:ncRNA:snopy:Danio_rerio300246,1,7955,1139402100
12,162,185,URS000063EEA3,1,Y,2017-10-13 16:02:11.152444,rnacen,LT800894.1:1..138:ncRNA:snopy:Danio_rerio300247,1,7955,1139402101
12,162,185,URS0000641EA4,1,Y,2017-10-13 16:02:19.748200,rnacen,LT800895.1:1..156:ncRNA:snopy:Danio_rerio300248,1,7955,1139402102
12,162,185,URS000071E194,1,Y,2017-10-13 16:02:15.272729,rnacen,LT800896.1:1..63:ncRNA:snopy:Danio_rerio300249,1,7955,1139402103
12,162,185,URS00006D7462,1,Y,2017-10-13 16:01:42.582734,rnacen,LT800897.1:1..78:ncRNA:snopy:Danio_rerio300250,1,7955,1139402104
12,162,185,URS0000A93B66,1,Y,2017-10-13 16:02:34.680089,rnacen,LT800898.1:1..62:ncRNA:snopy:Danio_rerio300251,1,7955,1139402105
12,162,185,URS00006F5E4E,1,Y,2017-10-13 16:01:36.899501,rnacen,LT800899.1:1..140:ncRNA:snopy:Danio_rerio300253,1,7955,1139402106
12,162,185,URS000063CD6C,1,Y,2017-10-13 16:02:22.618743,rnacen,LT800900.1:1..142:ncRNA:snopy:Danio_rerio300254,1,7955,1139402107
12,162,185,URS000071F254,1,Y,2017-10-13 16:02:01.413583,rnacen,LT800901.1:1..82:ncRNA:snopy:Danio_rerio300255,1,7955,1139402108
12,162,185,URS00006C5787,1,Y,2017-10-13 16:02:34.022681,rnacen,LT800902.1:1..82:ncRNA:snopy:Danio_rerio300256,1,7955,1139402109
12,162,185,URS0000625BC8,1,Y,2017-10-13 16:02:29.521502,rnacen,LT800903.1:1..82:ncRNA:snopy:Danio_rerio300257,1,7955,1139402110
12,162,185,URS000068CE8B,1,Y,2017-10-13 16:01:56.591164,rnacen,LT800904.1:1..82:ncRNA:snopy:Danio_rerio300258,1,7955,1139402111
12,162,185,URS000068C093,1,Y,2017-10-13 16:02:42.081162,rnacen,LT800905.1:1..83:ncRNA:snopy:Danio_rerio300259,1,7955,1139402112
12,162,185,URS00006F50F2,1,Y,2017-10-13 16:02:18.151501,rnacen,LT800906.1:1..184:ncRNA:snopy:Danio_rerio300260,1,7955,1139402113
12,162,185,URS000070C9F9,1,Y,2017-10-13 16:01:33.358681,rnacen,LT800907.1:1..131:ncRNA:snopy:Danio_rerio300261,1,7955,1139402114
12,162,185,URS00007095BB,1,Y,2017-10-13 16:02:28.616973,rnacen,LT800908.1:1..145:ncRNA:snopy:Danio_rerio300262,1,7955,1139402115
12,162,185,URS0000663EC1,1,Y,2017-10-13 16:02:15.099929,rnacen,LT800909.1:1..136:ncRNA:snopy:Danio_rerio300263,1,7955,1139402116
12,162,185,URS00007061E9,1,Y,2017-10-13 16:01:38.508555,rnacen,LT800910.1:1..135:ncRNA:snopy:Danio_rerio300264,1,7955,1139402117
12,162,185,URS00006367FE,1,Y,2017-10-13 16:01:46.891027,rnacen,LT800911.1:1..136:ncRNA:snopy:Danio_rerio300265,1,7955,1139402118
12,162,185,URS00006BB1C9,1,Y,2017-10-13 16:02:15.662500,rnacen,LT800912.1:1..132:ncRNA:snopy:Danio_rerio300266,1,7955,1139402119
12,162,185,URS00006EB1B0,1,Y,2017-10-13 16:01:41.981014,rnacen,LT800913.1:1..132:ncRNA:snopy:Danio_rerio300267,1,7955,1139402120
12,162,185,URS0000A8BD89,1,Y,2017-10-13 16:02:09.307471,rnacen,LT800914.1:1..67:ncRNA:snopy:Danio_rerio300268,1,7955,1139402121
12,162,185,URS0000A8D1B3,1,Y,2017-10-13 16:02:22.126764,rnacen,LT800915.1:1..67:ncRNA:snopy:Danio_rerio300269,1,7955,1139402122
12,162,185,URS0000A86934,1,Y,2017-10-13 16:01:43.966632,rnacen,LT800916.1:1..67:ncRNA:snopy:Danio_rerio300270,1,7955,1139402123
12,162,185,URS0000A8D1BA,1,Y,2017-10-13 16:02:15.028141,rnacen,LT800917.1:1..67:ncRNA:snopy:Danio_rerio300271,1,7955,1139402124
12,162,185,URS0000A7A845,1,Y,2017-10-13 16:01:57.064760,rnacen,LT800918.1:1..67:ncRNA:snopy:Danio_rerio300272,1,7955,1139402125
12,162,185,URS00007072D0,1,Y,2017-10-13 16:02:27.851474,rnacen,LT800919.1:1..136:ncRNA:snopy:Danio_rerio300273,1,7955,1139402126
12,162,185,URS000062CF55,1,Y,2017-10-13 16:02:13.115785,rnacen,LT800920.1:1..136:ncRNA:snopy:Danio_rerio300274,1,7955,1139402127
12,162,185,URS0000625370,1,Y,2017-10-13 16:01:49.543756,rnacen,LT800921.1:1..142:ncRNA:snopy:Danio_rerio300275,1,7955,1139402128
12,162,185,URS00006EA75F,1,Y,2017-10-13 16:01:55.573281,rnacen,LT800922.1:1..139:ncRNA:snopy:Danio_rerio300276,1,7955,1139402129
12,162,185,URS00006775AE,1,Y,2017-10-13 16:02:38.012313,rnacen,LT800923.1:1..122:ncRNA:snopy:Danio_rerio300277,1,7955,1139402130
12,162,185,URS0000724A4F,1,Y,2017-10-13 16:02:27.143602,rnacen,LT800924.1:1..122:ncRNA:snopy:Danio_rerio300278,1,7955,1139402131
12,162,185,URS00006C4D1C,1,Y,2017-10-13 16:02:10.641402,rnacen,LT800925.1:1..136:ncRNA:snopy:Danio_rerio300279,1,7955,1139402132
12,162,185,URS0000A8DF43,1,Y,2017-10-13 16:01:41.730250,rnacen,LT800926.1:1..129:ncRNA:snopy:Danio_rerio300280,1,7955,1139402133
12,162,185,URS0000674B45,1,Y,2017-10-13 16:01:39.545790,rnacen,LT800927.1:1..67:ncRNA:snopy:Danio_rerio300281,1,7955,1139402134
12,162,185,URS000071A181,1,Y,2017-10-13 16:01:54.116824,rnacen,LT800928.1:1..75:ncRNA:snopy:Danio_rerio300282,1,7955,1139402135
12,162,185,URS000065A26A,1,Y,2017-10-13 16:02:42.545897,rnacen,LT800929.1:1..75:ncRNA:snopy:Danio_rerio300283,1,7955,1139402136
12,162,185,URS00006F54CC,1,Y,2017-10-13 16:02:34.128876,rnacen,LT800930.1:1..137:ncRNA:snopy:Danio_rerio300284,1,7955,1139402137
12,162,185,URS0000A8BD10,1,Y,2017-10-13 16:02:19.453518,rnacen,LT800931.1:1..133:ncRNA:snopy:Danio_rerio300285,1,7955,1139402138
12,162,185,URS00006D9B80,1,Y,2017-10-13 16:01:48.741469,rnacen,LT800932.1:1..138:ncRNA:snopy:Danio_rerio300286,1,7955,1139402139
12,162,185,URS0000A7DD2D,1,Y,2017-10-13 16:02:31.567465,rnacen,LT800933.1:1..57:ncRNA:snopy:Danio_rerio300287,1,7955,1139402140
12,162,185,URS0000AAD7F8,1,Y,2017-10-13 16:02:18.592415,rnacen,LT800934.1:1..130:ncRNA:snopy:Danio_rerio300288,1,7955,1139402141
12,162,185,URS0000A8084A,1,Y,2017-10-13 16:02:24.844677,rnacen,LT800935.1:1..139:ncRNA:snopy:Danio_rerio300289,1,7955,1139402142
12,162,185,URS00006B3300,1,Y,2017-10-13 16:02:02.101917,rnacen,LT800936.1:1..76:ncRNA:snopy:Danio_rerio300290,1,7955,1139402143
12,162,185,URS0000A8CAFC,1,Y,2017-10-13 16:02:29.519447,rnacen,LT800937.1:1..92:ncRNA:snopy:Danio_rerio300291,1,7955,1139402144
12,162,185,URS000064502B,1,Y,2017-10-13 16:01:43.860644,rnacen,LT800938.1:1..125:ncRNA:snopy:Danio_rerio300292,1,7955,1139402145
12,162,185,URS00006A22AC,1,Y,2017-10-13 16:02:03.940194,rnacen,LT800939.1:1..125:ncRNA:snopy:Danio_rerio300293,1,7955,1139402146
12,162,185,URS00006EB747,1,Y,2017-10-13 16:02:04.194512,rnacen,LT800940.1:1..227:ncRNA:snopy:Danio_rerio300294,1,7955,1139402147
12,162,185,URS00006E463C,1,Y,2017-10-13 16:02:16.868768,rnacen,LT800941.1:1..227:ncRNA:snopy:Danio_rerio300295,1,7955,1139402148
12,162,185,URS0000BBD693,1,Y,2017-10-13 16:02:45.503909,rnacen,LT800942.1:1..70:ncRNA:snopy:Danio_rerio300296,1,7955,1139402149
12,162,185,URS00006D06B6,1,Y,2017-10-13 16:02:12.670391,rnacen,LT800943.1:1..216:ncRNA:snopy:Danio_rerio300297,1,7955,1139402150
12,162,185,URS0000694CE4,1,Y,2017-10-13 16:02:17.767264,rnacen,LT800944.1:1..216:ncRNA:snopy:Danio_rerio300298,1,7955,1139402151
12,162,185,URS000062B416,1,Y,2017-10-13 16:01:41.490581,rnacen,LT800945.1:1..216:ncRNA:snopy:Danio_rerio300299,1,7955,1139402152
12,162,201,URS00006F7FE6,1,Y,2017-10-13 16:02:40.021948,rnacen,LT800692.1:1..88:ncRNA:snopy:Danio_rerio300000,1,7955,1139402153
12,162,201,URS00006BA115,1,Y,2017-10-13 16:02:29.636000,rnacen,LT800693.1:1..88:ncRNA:snopy:Danio_rerio300001,1,7955,1139402154
12,162,201,URS000064E9A4,1,Y,2017-10-13 16:01:49.742506,rnacen,LT800694.1:1..71:ncRNA:snopy:Danio_rerio300006,1,7955,1139402155
12,162,201,URS000071B7E0,1,Y,2017-10-13 16:02:25.111509,rnacen,LT800695.1:1..70:ncRNA:snopy:Danio_rerio300011,1,7955,1139402156
12,162,201,URS000067115C,1,Y,2017-10-13 16:01:56.890166,rnacen,LT800696.1:1..127:ncRNA:snopy:Danio_rerio300012,1,7955,1139402157
12,162,201,URS00006AD8E2,1,Y,2017-10-13 16:02:28.199315,rnacen,LT800697.1:1..70:ncRNA:snopy:Danio_rerio300013,1,7955,1139402158
12,162,201,URS000062866A,1,Y,2017-10-13 16:01:59.858377,rnacen,LT800698.1:1..216:ncRNA:snopy:Danio_rerio300020,1,7955,1139402159
12,162,201,URS00006258DB,1,Y,2017-10-13 16:02:26.722779,rnacen,LT800699.1:1..216:ncRNA:snopy:Danio_rerio300021,1,7955,1139402160
12,162,201,URS00006EE69D,1,Y,2017-10-13 16:01:48.519760,rnacen,LT800700.1:1..216:ncRNA:snopy:Danio_rerio300022,1,7955,1139402161
12,162,201,URS0000728FA9,1,Y,2017-10-13 16:02:41.707419,rnacen,LT800701.1:1..216:ncRNA:snopy:Danio_rerio300023,1,7955,1139402162
12,162,201,URS0000714AB3,1,Y,2017-10-13 16:01:59.349101,rnacen,LT800702.1:1..216:ncRNA:snopy:Danio_rerio300024,1,7955,1139402163
12,162,201,URS000062A271,1,Y,2017-10-13 16:01:47.123142,rnacen,LT800703.1:1..216:ncRNA:snopy:Danio_rerio300025,1,7955,1139402164
12,162,201,URS00006B0848,1,Y,2017-10-13 16:01:58.031478,rnacen,LT800704.1:1..215:ncRNA:snopy:Danio_rerio300026,1,7955,1139402165
12,162,201,URS00006916FA,1,Y,2017-10-13 16:02:13.298713,rnacen,LT800705.1:1..216:ncRNA:snopy:Danio_rerio300027,1,7955,1139402166
12,162,201,URS000070722D,1,Y,2017-10-13 16:02:38.447520,rnacen,LT800706.1:1..216:ncRNA:snopy:Danio_rerio300028,1,7955,1139402167
12,162,201,URS00006D3DBC,1,Y,2017-10-13 16:02:29.343294,rnacen,LT800707.1:1..77:ncRNA:snopy:Danio_rerio300029,1,7955,1139402168
12,162,201,URS00006D3DBC,1,Y,2017-10-13 16:02:29.343306,rnacen,LT800708.1:1..77:ncRNA:snopy:Danio_rerio300030,1,7955,1139402169
12,162,201,URS0000677FC1,1,Y,2017-10-13 16:02:13.142714,rnacen,LT800709.1:1..69:ncRNA:snopy:Danio_rerio300031,1,7955,1139402170
12,162,201,URS0000718FED,1,Y,2017-10-13 16:02:19.517687,rnacen,LT800710.1:1..94:ncRNA:snopy:Danio_rerio300032,1,7955,1139402171
12,162,201,URS0000648EF9,1,Y,2017-10-13 16:01:45.314132,rnacen,LT800711.1:1..93:ncRNA:snopy:Danio_rerio300033,1,7955,1139402172
12,162,201,URS00006C8EE0,1,Y,2017-10-13 16:01:58.914760,rnacen,LT800712.1:1..94:ncRNA:snopy:Danio_rerio300034,1,7955,1139402173
12,162,201,URS0000A87B8A,1,Y,2017-10-13 16:01:56.208001,rnacen,LT800713.1:1..87:ncRNA:snopy:Danio_rerio300035,1,7955,1139402174
12,162,201,URS000072ED4F,1,Y,2017-10-13 16:02:04.693451,rnacen,LT800714.1:1..216:ncRNA:snopy:Danio_rerio300036,1,7955,1139402175
12,162,201,URS000063D735,1,Y,2017-10-13 16:02:05.045836,rnacen,LT800715.1:1..216:ncRNA:snopy:Danio_rerio300037,1,7955,1139402176
12,162,201,URS00006FA4FC,1,Y,2017-10-13 16:02:14.888471,rnacen,LT800716.1:1..215:ncRNA:snopy:Danio_rerio300038,1,7955,1139402177
12,162,201,URS000063B546,1,Y,2017-10-13 16:02:34.829682,rnacen,LT800717.1:1..216:ncRNA:snopy:Danio_rerio300039,1,7955,1139402178
12,162,201,URS00006F5D22,1,Y,2017-10-13 16:01:55.736322,rnacen,LT800718.1:1..131:ncRNA:snopy:Danio_rerio300042,1,7955,1139402179
12,162,201,URS000063879A,1,Y,2017-10-13 16:02:15.550152,rnacen,LT800719.1:1..131:ncRNA:snopy:Danio_rerio300043,1,7955,1139402180
12,162,201,URS0000664E8E,1,Y,2017-10-13 16:02:22.222318,rnacen,LT800720.1:1..131:ncRNA:snopy:Danio_rerio300044,1,7955,1139402181
12,162,201,URS0000633157,1,Y,2017-10-13 16:01:53.684132,rnacen,LT800721.1:1..131:ncRNA:snopy:Danio_rerio300045,1,7955,1139402182
12,162,201,URS00006A6FBC,1,Y,2017-10-13 16:02:28.075790,rnacen,LT800722.1:1..72:ncRNA:snopy:Danio_rerio300046,1,7955,1139402183
12,162,201,URS00006720AE,1,Y,2017-10-13 16:02:23.083481,rnacen,LT800723.1:1..216:ncRNA:snopy:Danio_rerio300047,1,7955,1139402184
12,162,201,URS0000671535,1,Y,2017-10-13 16:01:45.906168,rnacen,LT800724.1:1..217:ncRNA:snopy:Danio_rerio300048,1,7955,1139402185
12,162,201,URS00006FA85B,1,Y,2017-10-13 16:02:07.870146,rnacen,LT800725.1:1..216:ncRNA:snopy:Danio_rerio300049,1,7955,1139402186
12,162,201,URS00006D0609,1,Y,2017-10-13 16:02:00.313757,rnacen,LT800726.1:1..217:ncRNA:snopy:Danio_rerio300051,1,7955,1139402187
12,162,201,URS00006D0030,1,Y,2017-10-13 16:01:55.813371,rnacen,LT800727.1:1..217:ncRNA:snopy:Danio_rerio300052,1,7955,1139402188
12,162,201,URS00006F9D80,1,Y,2017-10-13 16:02:27.557339,rnacen,LT800728.1:1..216:ncRNA:snopy:Danio_rerio300053,1,7955,1139402189
12,162,201,URS0000709C68,1,Y,2017-10-13 16:02:20.127778,rnacen,LT800729.1:1..99:ncRNA:snopy:Danio_rerio300054,1,7955,1139402190
12,162,201,URS0000708BF0,1,Y,2017-10-13 16:02:26.140912,rnacen,LT800730.1:1..216:ncRNA:snopy:Danio_rerio300055,1,7955,1139402191
12,162,201,URS0000A8F557,1,Y,2017-10-13 16:01:49.075281,rnacen,LT800731.1:1..76:ncRNA:snopy:Danio_rerio300057,1,7955,1139402192
12,162,201,URS000066B3AF,1,Y,2017-10-13 16:02:13.578595,rnacen,LT800732.1:1..133:ncRNA:snopy:Danio_rerio300059,1,7955,1139402193
12,162,201,URS00007084FE,1,Y,2017-10-13 16:02:10.970171,rnacen,LT800733.1:1..90:ncRNA:snopy:Danio_rerio300061,1,7955,1139402194
12,162,201,URS00006C3DCB,1,Y,2017-10-13 16:02:28.017658,rnacen,LT800734.1:1..136:ncRNA:snopy:Danio_rerio300062,1,7955,1139402195
12,162,201,URS0000696C61,1,Y,2017-10-13 16:02:40.947227,rnacen,LT800735.1:1..136:ncRNA:snopy:Danio_rerio300063,1,7955,1139402196
12,162,201,URS00006A4AAC,1,Y,2017-10-13 16:02:19.510165,rnacen,LT800736.1:1..136:ncRNA:snopy:Danio_rerio300064,1,7955,1139402197
12,162,201,URS0000AA80B6,1,Y,2017-10-13 16:02:25.595332,rnacen,LT800737.1:1..131:ncRNA:snopy:Danio_rerio300065,1,7955,1139402198
12,162,201,URS0000708BF0,1,Y,2017-10-13 16:02:26.140927,rnacen,LT800738.1:1..216:ncRNA:snopy:Danio_rerio300066,1,7955,1139402199
12,162,201,URS00006E0A43,1,Y,2017-10-13 16:01:54.296500,rnacen,LT800739.1:1..216:ncRNA:snopy:Danio_rerio300068,1,7955,1139402200
12,162,201,URS0000708BF0,1,Y,2017-10-13 16:02:26.140932,rnacen,LT800740.1:1..216:ncRNA:snopy:Danio_rerio300069,1,7955,1139402201
12,162,201,URS000071AC77,1,Y,2017-10-13 16:01:46.757704,rnacen,LT800741.1:1..217:ncRNA:snopy:Danio_rerio300070,1,7955,1139402202
12,162,201,URS00006342F8,1,Y,2017-10-13 16:01:47.162899,rnacen,LT800742.1:1..216:ncRNA:snopy:Danio_rerio300071,1,7955,1139402203
12,162,201,URS000062B416,1,Y,2017-10-13 16:01:41.490521,rnacen,LT800743.1:1..216:ncRNA:snopy:Danio_rerio300072,1,7955,1139402204
12,162,201,URS00006A070A,1,Y,2017-10-13 16:01:58.484569,rnacen,LT800744.1:1..216:ncRNA:snopy:Danio_rerio300073,1,7955,1139402205
12,162,201,URS000070315A,1,Y,2017-10-13 16:01:38.038200,rnacen,LT800745.1:1..133:ncRNA:snopy:Danio_rerio300075,1,7955,1139402206
12,162,201,URS00006EDD46,1,Y,2017-10-13 16:01:50.494173,rnacen,LT800746.1:1..127:ncRNA:snopy:Danio_rerio300076,1,7955,1139402207
12,162,201,URS000066182D,1,Y,2017-10-13 16:01:56.083464,rnacen,LT800747.1:1..133:ncRNA:snopy:Danio_rerio300078,1,7955,1139402208
12,162,201,URS000063BD50,1,Y,2017-10-13 16:01:43.074198,rnacen,LT800748.1:1..133:ncRNA:snopy:Danio_rerio300080,1,7955,1139402209
12,162,201,URS000067C834,1,Y,2017-10-13 16:01:55.916773,rnacen,LT800749.1:1..133:ncRNA:snopy:Danio_rerio300082,1,7955,1139402210
12,162,201,URS0000690D66,1,Y,2017-10-13 16:02:06.075655,rnacen,LT800750.1:1..71:ncRNA:snopy:Danio_rerio300085,1,7955,1139402211
12,162,201,URS000069D8C1,1,Y,2017-10-13 16:02:09.363018,rnacen,LT800751.1:1..72:ncRNA:snopy:Danio_rerio300086,1,7955,1139402212
12,162,201,URS0000A90C33,1,Y,2017-10-13 16:02:14.191162,rnacen,LT800752.1:1..81:ncRNA:snopy:Danio_rerio300087,1,7955,1139402213
12,162,201,URS0000A842E0,1,Y,2017-10-13 16:01:55.468105,rnacen,LT800753.1:1..81:ncRNA:snopy:Danio_rerio300088,1,7955,1139402214
12,162,201,URS000065DA31,1,Y,2017-10-13 16:01:50.507905,rnacen,LT800754.1:1..71:ncRNA:snopy:Danio_rerio300090,1,7955,1139402215
12,162,201,URS00006A76D4,1,Y,2017-10-13 16:01:55.129204,rnacen,LT800755.1:1..74:ncRNA:snopy:Danio_rerio300091,1,7955,1139402216
12,162,201,URS00006CD024,1,Y,2017-10-13 16:02:36.599607,rnacen,LT800756.1:1..81:ncRNA:snopy:Danio_rerio300092,1,7955,1139402217
12,162,201,URS00006FB8C1,1,Y,2017-10-13 16:02:25.041463,rnacen,LT800757.1:1..71:ncRNA:snopy:Danio_rerio300093,1,7955,1139402218
12,162,201,URS000068FCA3,1,Y,2017-10-13 16:02:13.874153,rnacen,LT800758.1:1..71:ncRNA:snopy:Danio_rerio300094,1,7955,1139402219
12,162,201,URS00006944CF,1,Y,2017-10-13 16:01:48.298923,rnacen,LT800759.1:1..76:ncRNA:snopy:Danio_rerio300097,1,7955,1139402220
12,162,201,URS00006667FA,1,Y,2017-10-13 16:02:05.715727,rnacen,LT800760.1:1..90:ncRNA:snopy:Danio_rerio300099,1,7955,1139402221
12,162,201,URS000067D85C,1,Y,2017-10-13 16:02:38.671111,rnacen,LT800761.1:1..136:ncRNA:snopy:Danio_rerio300100,1,7955,1139402222
12,162,201,URS0000685768,1,Y,2017-10-13 16:02:02.246477,rnacen,LT800762.1:1..99:ncRNA:snopy:Danio_rerio300101,1,7955,1139402223
12,162,201,URS0000697F48,1,Y,2017-10-13 16:01:53.861067,rnacen,LT800763.1:1..137:ncRNA:snopy:Danio_rerio300102,1,7955,1139402224
12,162,201,URS00006B37BE,1,Y,2017-10-13 16:01:48.354406,rnacen,LT800764.1:1..85:ncRNA:snopy:Danio_rerio300103,1,7955,1139402225
12,162,201,URS0000644FED,1,Y,2017-10-13 16:02:08.326414,rnacen,LT800765.1:1..87:ncRNA:snopy:Danio_rerio300104,1,7955,1139402226
12,162,201,URS00006FB7D7,1,Y,2017-10-13 16:02:43.097799,rnacen,LT800766.1:1..85:ncRNA:snopy:Danio_rerio300105,1,7955,1139402227
12,162,201,URS00006AC9B9,1,Y,2017-10-13 16:02:18.488612,rnacen,LT800767.1:1..85:ncRNA:snopy:Danio_rerio300106,1,7955,1139402228
12,162,201,URS0000A97982,1,Y,2017-10-13 16:02:06.352264,rnacen,LT800768.1:1..127:ncRNA:snopy:Danio_rerio300107,1,7955,1139402229
12,162,201,URS0000A8C893,1,Y,2017-10-13 16:01:43.547781,rnacen,LT800769.1:1..128:ncRNA:snopy:Danio_rerio300108,1,7955,1139402230
12,162,201,URS0000A845D6,1,Y,2017-10-13 16:02:14.765781,rnacen,LT800770.1:1..128:ncRNA:snopy:Danio_rerio300109,1,7955,1139402231
12,162,201,URS0000A9AE2B,1,Y,2017-10-13 16:01:50.169142,rnacen,LT800771.1:1..128:ncRNA:snopy:Danio_rerio300110,1,7955,1139402232
12,162,201,URS0000A8BD81,1,Y,2017-10-13 16:01:54.083847,rnacen,LT800772.1:1..128:ncRNA:snopy:Danio_rerio300111,1,7955,1139402233
12,162,201,URS0000662F18,1,Y,2017-10-13 16:02:09.328656,rnacen,LT800773.1:1..72:ncRNA:snopy:Danio_rerio300112,1,7955,1139402234
12,162,201,URS00006EE95D,1,Y,2017-10-13 16:02:04.619969,rnacen,LT800774.1:1..72:ncRNA:snopy:Danio_rerio300113,1,7955,1139402235
12,162,201,URS00006F6787,1,Y,2017-10-13 16:02:29.524469,rnacen,LT800775.1:1..76:ncRNA:snopy:Danio_rerio300114,1,7955,1139402236
12,162,201,URS000065E0C5,1,Y,2017-10-13 16:01:44.959474,rnacen,LT800776.1:1..71:ncRNA:snopy:Danio_rerio300115,1,7955,1139402237
12,162,201,URS000072C063,1,Y,2017-10-13 16:01:58.950896,rnacen,LT800777.1:1..142:ncRNA:snopy:Danio_rerio300116,1,7955,1139402238
12,162,201,URS0000AB042C,1,Y,2017-10-13 16:02:12.994648,rnacen,LT800778.1:1..90:ncRNA:snopy:Danio_rerio300117,1,7955,1139402239
12,162,201,URS0000A99F01,1,Y,2017-10-13 16:02:02.942405,rnacen,LT800779.1:1..179:ncRNA:snopy:Danio_rerio300118,1,7955,1139402240
12,162,201,URS000067F01B,1,Y,2017-10-13 16:02:29.933130,rnacen,LT800780.1:1..181:ncRNA:snopy:Danio_rerio300119,1,7955,1139402241
12,162,201,URS00006983C6,1,Y,2017-10-13 16:01:35.503868,rnacen,LT800781.1:1..96:ncRNA:snopy:Danio_rerio300120,1,7955,1139402242
12,162,201,URS00006516C4,1,Y,2017-10-13 16:02:40.972244,rnacen,LT800782.1:1..96:ncRNA:snopy:Danio_rerio300121,1,7955,1139402243
12,162,201,URS000070ACD4,1,Y,2017-10-13 16:02:37.415506,rnacen,LT800783.1:1..96:ncRNA:snopy:Danio_rerio300123,1,7955,1139402244
12,162,201,URS000063CA6C,1,Y,2017-10-13 16:02:40.474708,rnacen,LT800784.1:1..77:ncRNA:snopy:Danio_rerio300124,1,7955,1139402245
12,162,201,URS000062B354,1,Y,2017-10-13 16:01:39.741157,rnacen,LT800785.1:1..134:ncRNA:snopy:Danio_rerio300125,1,7955,1139402246
12,162,201,URS00006BAA23,1,Y,2017-10-13 16:02:30.682688,rnacen,LT800786.1:1..79:ncRNA:snopy:Danio_rerio300126,1,7955,1139402247
12,162,201,URS000066524B,1,Y,2017-10-13 16:01:42.684283,rnacen,LT800787.1:1..88:ncRNA:snopy:Danio_rerio300127,1,7955,1139402248
12,162,201,URS00006DCD04,1,Y,2017-10-13 16:02:12.656552,rnacen,LT800788.1:1..147:ncRNA:snopy:Danio_rerio300128,1,7955,1139402249
12,162,201,URS00006EDBF7,1,Y,2017-10-13 16:01:50.300942,rnacen,LT800789.1:1..149:ncRNA:snopy:Danio_rerio300129,1,7955,1139402250
12,162,201,URS00006BD550,1,Y,2017-10-13 16:02:22.061666,rnacen,LT800790.1:1..149:ncRNA:snopy:Danio_rerio300130,1,7955,1139402251
12,162,201,URS0000643858,1,Y,2017-10-13 16:01:36.045080,rnacen,LT800791.1:1..98:ncRNA:snopy:Danio_rerio300131,1,7955,1139402252
12,162,201,URS0000713A3E,1,Y,2017-10-13 16:01:48.151804,rnacen,LT800792.1:1..68:ncRNA:snopy:Danio_rerio300132,1,7955,1139402253
12,162,201,URS00006EFAB5,1,Y,2017-10-13 16:02:04.971539,rnacen,LT800793.1:1..98:ncRNA:snopy:Danio_rerio300133,1,7955,1139402254
12,162,201,URS0000721D10,1,Y,2017-10-13 16:02:08.646078,rnacen,LT800794.1:1..69:ncRNA:snopy:Danio_rerio300134,1,7955,1139402255
12,162,201,URS000069456A,1,Y,2017-10-13 16:02:14.203878,rnacen,LT800795.1:1..68:ncRNA:snopy:Danio_rerio300135,1,7955,1139402256
12,162,201,URS00006D9198,1,Y,2017-10-13 16:01:43.716280,rnacen,LT800796.1:1..70:ncRNA:snopy:Danio_rerio300136,1,7955,1139402257
12,162,201,URS000066278F,1,Y,2017-10-13 16:02:16.289365,rnacen,LT800797.1:1..81:ncRNA:snopy:Danio_rerio300137,1,7955,1139402258
12,162,201,URS0000A9FC24,1,Y,2017-10-13 16:02:37.900950,rnacen,LT800798.1:1..76:ncRNA:snopy:Danio_rerio300138,1,7955,1139402259
12,162,201,URS000062E9D6,1,Y,2017-10-13 16:01:46.581092,rnacen,LT800799.1:1..82:ncRNA:snopy:Danio_rerio300139,1,7955,1139402260
12,162,201,URS00006E64CA,1,Y,2017-10-13 16:02:00.748099,rnacen,LT800800.1:1..82:ncRNA:snopy:Danio_rerio300140,1,7955,1139402261
12,162,201,URS00006F1FA5,1,Y,2017-10-13 16:02:31.248369,rnacen,LT800801.1:1..67:ncRNA:snopy:Danio_rerio300141,1,7955,1139402262
12,162,201,URS0000A85A3D,1,Y,2017-10-13 16:01:45.767183,rnacen,LT800802.1:1..67:ncRNA:snopy:Danio_rerio300142,1,7955,1139402263
12,162,201,URS0000A791F3,1,Y,2017-10-13 16:02:03.200389,rnacen,LT800803.1:1..67:ncRNA:snopy:Danio_rerio300143,1,7955,1139402264
12,162,201,URS000062ACC9,1,Y,2017-10-13 16:02:16.912234,rnacen,LT800804.1:1..136:ncRNA:snopy:Danio_rerio300144,1,7955,1139402265
12,162,201,URS000067B3D9,1,Y,2017-10-13 16:02:27.217972,rnacen,LT800805.1:1..221:ncRNA:snopy:Danio_rerio300145,1,7955,1139402266
12,162,201,URS000072AA8B,1,Y,2017-10-13 16:01:56.627679,rnacen,LT800806.1:1..220:ncRNA:snopy:Danio_rerio300146,1,7955,1139402267
12,162,201,URS000064DD96,1,Y,2017-10-13 16:01:54.177259,rnacen,LT800807.1:1..221:ncRNA:snopy:Danio_rerio300147,1,7955,1139402268
12,162,201,URS00006EBFC0,1,Y,2017-10-13 16:01:48.902955,rnacen,LT800808.1:1..221:ncRNA:snopy:Danio_rerio300148,1,7955,1139402269
12,162,201,URS00006C4D1C,1,Y,2017-10-13 16:02:10.641391,rnacen,LT800809.1:1..136:ncRNA:snopy:Danio_rerio300149,1,7955,1139402270
12,162,201,URS0000724296,1,Y,2017-10-13 16:02:25.306783,rnacen,LT800810.1:1..68:ncRNA:snopy:Danio_rerio300150,1,7955,1139402271
12,162,201,URS0000682614,1,Y,2017-10-13 16:02:34.899108,rnacen,LT800811.1:1..76:ncRNA:snopy:Danio_rerio300152,1,7955,1139402272
12,162,201,URS0000693ABF,1,Y,2017-10-13 16:02:09.032761,rnacen,LT800812.1:1..77:ncRNA:snopy:Danio_rerio300153,1,7955,1139402273
12,162,201,URS00006E33BB,1,Y,2017-10-13 16:01:43.454494,rnacen,LT800813.1:1..77:ncRNA:snopy:Danio_rerio300154,1,7955,1139402274
12,162,201,URS00006815C7,1,Y,2017-10-13 16:02:29.595425,rnacen,LT800814.1:1..77:ncRNA:snopy:Danio_rerio300155,1,7955,1139402275
12,162,201,URS0000685B28,1,Y,2017-10-13 16:02:40.283527,rnacen,LT800815.1:1..68:ncRNA:snopy:Danio_rerio300156,1,7955,1139402276
12,162,201,URS00006404C6,1,Y,2017-10-13 16:01:42.477634,rnacen,LT800816.1:1..131:ncRNA:snopy:Danio_rerio300157,1,7955,1139402277
12,162,201,URS00006C59A3,1,Y,2017-10-13 16:02:24.474819,rnacen,LT800817.1:1..124:ncRNA:snopy:Danio_rerio300158,1,7955,1139402278
12,162,201,URS00006D144B,1,Y,2017-10-13 16:02:29.152214,rnacen,LT800818.1:1..138:ncRNA:snopy:Danio_rerio300163,1,7955,1139402279
12,162,201,URS00006A6240,1,Y,2017-10-13 16:02:26.519881,rnacen,LT800819.1:1..85:ncRNA:snopy:Danio_rerio300164,1,7955,1139402280
12,162,201,URS0000B3ABAC,1,Y,2017-10-13 16:02:45.791854,rnacen,LT800820.1:1..66:ncRNA:snopy:Danio_rerio300166,1,7955,1139402281
12,162,201,URS00006E354B,1,Y,2017-10-13 16:01:38.772896,rnacen,LT800821.1:1..134:ncRNA:snopy:Danio_rerio300167,1,7955,1139402282
12,162,201,URS00006D0E77,1,Y,2017-10-13 16:02:26.968724,rnacen,LT800822.1:1..134:ncRNA:snopy:Danio_rerio300168,1,7955,1139402283
12,162,201,URS0000646CFC,1,Y,2017-10-13 16:01:40.000056,rnacen,LT800823.1:1..127:ncRNA:snopy:Danio_rerio300169,1,7955,1139402284
12,162,201,URS00006B55B3,1,Y,2017-10-13 16:01:39.905335,rnacen,LT800824.1:1..82:ncRNA:snopy:Danio_rerio300170,1,7955,1139402285
12,162,201,URS000062A71F,1,Y,2017-10-13 16:02:15.746137,rnacen,LT800825.1:1..77:ncRNA:snopy:Danio_rerio300171,1,7955,1139402286
12,162,201,URS0000A8F228,1,Y,2017-10-13 16:02:03.149948,rnacen,LT800826.1:1..137:ncRNA:snopy:Danio_rerio300172,1,7955,1139402287
12,162,201,URS0000A9BF81,1,Y,2017-10-13 16:02:21.375237,rnacen,LT800827.1:1..137:ncRNA:snopy:Danio_rerio300173,1,7955,1139402288
12,162,201,URS0000657202,1,Y,2017-10-13 16:02:11.463084,rnacen,LT800828.1:1..78:ncRNA:snopy:Danio_rerio300174,1,7955,1139402289
12,162,201,URS0000693597,1,Y,2017-10-13 16:01:56.380853,rnacen,LT800829.1:1..79:ncRNA:snopy:Danio_rerio300175,1,7955,1139402290
12,162,201,URS0000B676E8,1,Y,2017-10-13 16:02:45.701496,rnacen,LT800830.1:1..68:ncRNA:snopy:Danio_rerio300176,1,7955,1139402291
12,162,201,URS000068843D,1,Y,2017-10-13 16:01:44.306264,rnacen,LT800831.1:1..217:ncRNA:snopy:Danio_rerio300182,1,7955,1139402292
12,162,201,URS00006CA046,1,Y,2017-10-13 16:01:36.715108,rnacen,LT800832.1:1..138:ncRNA:snopy:Danio_rerio300183,1,7955,1139402293
12,162,201,URS00006C16CE,1,Y,2017-10-13 16:02:25.752830,rnacen,LT800833.1:1..131:ncRNA:snopy:Danio_rerio300184,1,7955,1139402294
12,162,201,URS000063199F,1,Y,2017-10-13 16:02:19.969645,rnacen,LT800834.1:1..134:ncRNA:snopy:Danio_rerio300185,1,7955,1139402295
12,162,201,URS000062749F,1,Y,2017-10-13 16:02:36.605644,rnacen,LT800835.1:1..72:ncRNA:snopy:Danio_rerio300186,1,7955,1139402296
12,162,201,URS00006AA959,1,Y,2017-10-13 16:02:10.620305,rnacen,LT800836.1:1..88:ncRNA:snopy:Danio_rerio300187,1,7955,1139402297
12,162,201,URS000067BC27,1,Y,2017-10-13 16:01:58.393617,rnacen,LT800837.1:1..61:ncRNA:snopy:Danio_rerio300188,1,7955,1139402298
12,162,201,URS00006E8BC4,1,Y,2017-10-13 16:02:18.708271,rnacen,LT800838.1:1..106:ncRNA:snopy:Danio_rerio300189,1,7955,1139402299
12,162,201,URS000072302E,1,Y,2017-10-13 16:02:31.839092,rnacen,LT800839.1:1..133:ncRNA:snopy:Danio_rerio300190,1,7955,1139402300
12,162,201,URS0000A85B41,1,Y,2017-10-13 16:01:53.881099,rnacen,LT800840.1:1..134:ncRNA:snopy:Danio_rerio300191,1,7955,1139402301
12,162,201,URS000067237A,1,Y,2017-10-13 16:02:42.924033,rnacen,LT800841.1:1..294:ncRNA:snopy:Danio_rerio300192,1,7955,1139402302
12,162,201,URS00006EB701,1,Y,2017-10-13 16:01:47.455736,rnacen,LT800842.1:1..309:ncRNA:snopy:Danio_rerio300193,1,7955,1139402303
12,162,201,URS0000625B42,1,Y,2017-10-13 16:01:50.945789,rnacen,LT800843.1:1..321:ncRNA:snopy:Danio_rerio300194,1,7955,1139402304
12,162,201,URS0000697F18,1,Y,2017-10-13 16:01:44.937321,rnacen,LT800844.1:1..71:ncRNA:snopy:Danio_rerio300195,1,7955,1139402305
12,162,201,URS00006924EA,1,Y,2017-10-13 16:01:39.921721,rnacen,LT800845.1:1..71:ncRNA:snopy:Danio_rerio300196,1,7955,1139402306
12,162,201,URS00006A27E1,1,Y,2017-10-13 16:02:00.318714,rnacen,LT800846.1:1..179:ncRNA:snopy:Danio_rerio300197,1,7955,1139402307
12,162,201,URS000065B865,1,Y,2017-10-13 16:02:14.768772,rnacen,LT800847.1:1..190:ncRNA:snopy:Danio_rerio300198,1,7955,1139402308
12,162,201,URS00006B4742,1,Y,2017-10-13 16:02:38.142588,rnacen,LT800848.1:1..72:ncRNA:snopy:Danio_rerio300199,1,7955,1139402309
12,162,201,URS00006D4EDF,1,Y,2017-10-13 16:02:33.165570,rnacen,LT800849.1:1..136:ncRNA:snopy:Danio_rerio300200,1,7955,1139402310
12,162,201,URS00006B52F5,1,Y,2017-10-13 16:02:40.011048,rnacen,LT800850.1:1..130:ncRNA:snopy:Danio_rerio300201,1,7955,1139402311
12,162,201,URS0000698FBD,1,Y,2017-10-13 16:02:16.002019,rnacen,LT800851.1:1..98:ncRNA:snopy:Danio_rerio300202,1,7955,1139402312
12,162,201,URS00006E9C1A,1,Y,2017-10-13 16:02:20.498437,rnacen,LT800852.1:1..198:ncRNA:snopy:Danio_rerio300203,1,7955,1139402313
12,162,201,URS00009304AD,1,Y,2017-10-13 16:02:16.985045,rnacen,LT800853.1:1..135:ncRNA:snopy:Danio_rerio300204,1,7955,1139402314
12,162,201,URS0000AA7DEB,1,Y,2017-10-13 16:01:50.384747,rnacen,LT800854.1:1..136:ncRNA:snopy:Danio_rerio300205,1,7955,1139402315
12,162,201,URS00006F904E,1,Y,2017-10-13 16:02:13.329925,rnacen,LT800855.1:1..137:ncRNA:snopy:Danio_rerio300206,1,7955,1139402316
12,162,201,URS00006CF6E8,1,Y,2017-10-13 16:02:07.686469,rnacen,LT800856.1:1..137:ncRNA:snopy:Danio_rerio300207,1,7955,1139402317
12,162,201,URS0000A95277,1,Y,2017-10-13 16:01:44.297299,rnacen,LT800857.1:1..56:ncRNA:snopy:Danio_rerio300208,1,7955,1139402318
12,162,201,URS0000AA8B86,1,Y,2017-10-13 16:02:02.598493,rnacen,LT800858.1:1..129:ncRNA:snopy:Danio_rerio300209,1,7955,1139402319
12,162,201,URS000070D5F2,1,Y,2017-10-13 16:02:27.078714,rnacen,LT800859.1:1..127:ncRNA:snopy:Danio_rerio300210,1,7955,1139402320
12,162,201,URS00006548A7,1,Y,2017-10-13 16:02:30.961195,rnacen,LT800860.1:1..127:ncRNA:snopy:Danio_rerio300211,1,7955,1139402321
12,162,201,URS0000AAF4F6,1,Y,2017-10-13 16:02:21.936930,rnacen,LT800861.1:1..134:ncRNA:snopy:Danio_rerio300212,1,7955,1139402322
12,162,201,URS0000703E8A,1,Y,2017-10-13 16:02:23.151977,rnacen,LT800862.1:1..135:ncRNA:snopy:Danio_rerio300213,1,7955,1139402323
12,162,201,URS0000A8AB16,1,Y,2017-10-13 16:02:12.401632,rnacen,LT800863.1:1..124:ncRNA:snopy:Danio_rerio300214,1,7955,1139402324
12,162,201,URS0000A8849D,1,Y,2017-10-13 16:01:47.178202,rnacen,LT800864.1:1..97:ncRNA:snopy:Danio_rerio300215,1,7955,1139402325
12,162,201,URS000063C857,1,Y,2017-10-13 16:02:09.187500,rnacen,LT800865.1:1..139:ncRNA:snopy:Danio_rerio300216,1,7955,1139402326
12,162,201,URS00006B63F4,1,Y,2017-10-13 16:02:02.782143,rnacen,LT800866.1:1..142:ncRNA:snopy:Danio_rerio300217,1,7955,1139402327
12,162,201,URS000072A4AA,1,Y,2017-10-13 16:02:25.553410,rnacen,LT800867.1:1..85:ncRNA:snopy:Danio_rerio300218,1,7955,1139402328
12,162,201,URS000068ED9B,1,Y,2017-10-13 16:02:42.092796,rnacen,LT800868.1:1..84:ncRNA:snopy:Danio_rerio300219,1,7955,1139402329
12,162,201,URS000065B39C,1,Y,2017-10-13 16:01:52.321517,rnacen,LT800869.1:1..91:ncRNA:snopy:Danio_rerio300220,1,7955,1139402330
12,162,201,URS00006505D4,1,Y,2017-10-13 16:01:52.936108,rnacen,LT800870.1:1..104:ncRNA:snopy:Danio_rerio300221,1,7955,1139402331
12,162,201,URS00006FA9B1,1,Y,2017-10-13 16:02:26.600976,rnacen,LT800871.1:1..115:ncRNA:snopy:Danio_rerio300222,1,7955,1139402332
12,162,201,URS00006F4B0A,1,Y,2017-10-13 16:01:41.902332,rnacen,LT800872.1:1..111:ncRNA:snopy:Danio_rerio300223,1,7955,1139402333
12,162,201,URS0000712F21,1,Y,2017-10-13 16:02:14.009692,rnacen,LT800873.1:1..65:ncRNA:snopy:Danio_rerio300224,1,7955,1139402334
12,162,201,URS0000682C1E,1,Y,2017-10-13 16:02:41.281930,rnacen,LT800874.1:1..74:ncRNA:snopy:Danio_rerio300225,1,7955,1139402335
12,162,201,URS0000641326,1,Y,2017-10-13 16:02:17.448920,rnacen,LT800875.1:1..139:ncRNA:snopy:Danio_rerio300226,1,7955,1139402336
12,162,201,URS000070DC51,1,Y,2017-10-13 16:01:43.879153,rnacen,LT800876.1:1..128:ncRNA:snopy:Danio_rerio300227,1,7955,1139402337
12,162,201,URS0000655E75,1,Y,2017-10-13 16:02:16.920013,rnacen,LT800877.1:1..83:ncRNA:snopy:Danio_rerio300229,1,7955,1139402338
12,162,201,URS0000AA5C91,1,Y,2017-10-13 16:01:36.839304,rnacen,LT800878.1:1..127:ncRNA:snopy:Danio_rerio300230,1,7955,1139402339
12,162,201,URS00006EBDDF,1,Y,2017-10-13 16:02:08.625517,rnacen,LT800879.1:1..82:ncRNA:snopy:Danio_rerio300232,1,7955,1139402340
12,162,201,URS000066D35C,1,Y,2017-10-13 16:02:07.286272,rnacen,LT800880.1:1..83:ncRNA:snopy:Danio_rerio300233,1,7955,1139402341
12,162,201,URS00006240A6,1,Y,2017-10-13 16:02:37.387287,rnacen,LT800881.1:1..127:ncRNA:snopy:Danio_rerio300234,1,7955,1139402342
12,162,201,URS00006C36E4,1,Y,2017-10-13 16:02:25.527478,rnacen,LT800882.1:1..127:ncRNA:snopy:Danio_rerio300235,1,7955,1139402343
12,162,201,URS0000646D97,1,Y,2017-10-13 16:02:03.175884,rnacen,LT800883.1:1..130:ncRNA:snopy:Danio_rerio300236,1,7955,1139402344
12,162,201,URS0000684502,1,Y,2017-10-13 16:02:34.649867,rnacen,LT800884.1:1..131:ncRNA:snopy:Danio_rerio300237,1,7955,1139402345
12,162,201,URS0000AAEC6B,1,Y,2017-10-13 16:02:11.955329,rnacen,LT800885.1:1..90:ncRNA:snopy:Danio_rerio300238,1,7955,1139402346
12,162,201,URS00006A986D,1,Y,2017-10-13 16:02:23.477780,rnacen,LT800886.1:1..135:ncRNA:snopy:Danio_rerio300239,1,7955,1139402347
12,162,201,URS00006A0497,1,Y,2017-10-13 16:01:35.959228,rnacen,LT800887.1:1..133:ncRNA:snopy:Danio_rerio300240,1,7955,1139402348
12,162,201,URS000063C799,1,Y,2017-10-13 16:02:31.503573,rnacen,LT800888.1:1..133:ncRNA:snopy:Danio_rerio300241,1,7955,1139402349
12,162,201,URS000062D6E0,1,Y,2017-10-13 16:01:40.282402,rnacen,LT800889.1:1..216:ncRNA:snopy:Danio_rerio300242,1,7955,1139402350
12,162,201,URS00006D7913,1,Y,2017-10-13 16:01:45.791934,rnacen,LT800890.1:1..216:ncRNA:snopy:Danio_rerio300243,1,7955,1139402351
12,162,201,URS0000708BF0,1,Y,2017-10-13 16:02:26.140959,rnacen,LT800891.1:1..216:ncRNA:snopy:Danio_rerio300244,1,7955,1139402352
12,162,201,URS0000708BF0,1,Y,2017-10-13 16:02:26.140980,rnacen,LT800892.1:1..216:ncRNA:snopy:Danio_rerio300245,1,7955,1139402353
12,162,201,URS00006E0434,1,Y,2017-10-13 16:02:16.202088,rnacen,LT800893.1:1..198:ncRNA:snopy:Danio_rerio300246,1,7955,1139402354
12,162,201,URS000063EEA3,1,Y,2017-10-13 16:02:11.152444,rnacen,LT800894.1:1..138:ncRNA:snopy:Danio_rerio300247,1,7955,1139402355
12,162,201,URS0000641EA4,1,Y,2017-10-13 16:02:19.748200,rnacen,LT800895.1:1..156:ncRNA:snopy:Danio_rerio300248,1,7955,1139402356
12,162,201,URS000071E194,1,Y,2017-10-13 16:02:15.272729,rnacen,LT800896.1:1..63:ncRNA:snopy:Danio_rerio300249,1,7955,1139402357
12,162,201,URS00006D7462,1,Y,2017-10-13 16:01:42.582734,rnacen,LT800897.1:1..78:ncRNA:snopy:Danio_rerio300250,1,7955,1139402358
12,162,201,URS0000A93B66,1,Y,2017-10-13 16:02:34.680089,rnacen,LT800898.1:1..62:ncRNA:snopy:Danio_rerio300251,1,7955,1139402359
12,162,201,URS00006F5E4E,1,Y,2017-10-13 16:01:36.899501,rnacen,LT800899.1:1..140:ncRNA:snopy:Danio_rerio300253,1,7955,1139402360
12,162,201,URS000063CD6C,1,Y,2017-10-13 16:02:22.618743,rnacen,LT800900.1:1..142:ncRNA:snopy:Danio_rerio300254,1,7955,1139402361
12,162,201,URS000071F254,1,Y,2017-10-13 16:02:01.413583,rnacen,LT800901.1:1..82:ncRNA:snopy:Danio_rerio300255,1,7955,1139402362
12,162,201,URS00006C5787,1,Y,2017-10-13 16:02:34.022681,rnacen,LT800902.1:1..82:ncRNA:snopy:Danio_rerio300256,1,7955,1139402363
12,162,201,URS0000625BC8,1,Y,2017-10-13 16:02:29.521502,rnacen,LT800903.1:1..82:ncRNA:snopy:Danio_rerio300257,1,7955,1139402364
12,162,201,URS000068CE8B,1,Y,2017-10-13 16:01:56.591164,rnacen,LT800904.1:1..82:ncRNA:snopy:Danio_rerio300258,1,7955,1139402365
12,162,201,URS000068C093,1,Y,2017-10-13 16:02:42.081162,rnacen,LT800905.1:1..83:ncRNA:snopy:Danio_rerio300259,1,7955,1139402366
12,162,201,URS00006F50F2,1,Y,2017-10-13 16:02:18.151501,rnacen,LT800906.1:1..184:ncRNA:snopy:Danio_rerio300260,1,7955,1139402367
12,162,201,URS000070C9F9,1,Y,2017-10-13 16:01:33.358681,rnacen,LT800907.1:1..131:ncRNA:snopy:Danio_rerio300261,1,7955,1139402368
12,162,201,URS00007095BB,1,Y,2017-10-13 16:02:28.616973,rnacen,LT800908.1:1..145:ncRNA:snopy:Danio_rerio300262,1,7955,1139402369
12,162,201,URS0000663EC1,1,Y,2017-10-13 16:02:15.099929,rnacen,LT800909.1:1..136:ncRNA:snopy:Danio_rerio300263,1,7955,1139402370
12,162,201,URS00007061E9,1,Y,2017-10-13 16:01:38.508555,rnacen,LT800910.1:1..135:ncRNA:snopy:Danio_rerio300264,1,7955,1139402371
12,162,201,URS00006367FE,1,Y,2017-10-13 16:01:46.891027,rnacen,LT800911.1:1..136:ncRNA:snopy:Danio_rerio300265,1,7955,1139402372
12,162,201,URS00006BB1C9,1,Y,2017-10-13 16:02:15.662500,rnacen,LT800912.1:1..132:ncRNA:snopy:Danio_rerio300266,1,7955,1139402373
12,162,201,URS00006EB1B0,1,Y,2017-10-13 16:01:41.981014,rnacen,LT800913.1:1..132:ncRNA:snopy:Danio_rerio300267,1,7955,1139402374
12,162,201,URS0000A8BD89,1,Y,2017-10-13 16:02:09.307471,rnacen,LT800914.1:1..67:ncRNA:snopy:Danio_rerio300268,1,7955,1139402375
12,162,201,URS0000A8D1B3,1,Y,2017-10-13 16:02:22.126764,rnacen,LT800915.1:1..67:ncRNA:snopy:Danio_rerio300269,1,7955,1139402376
12,162,201,URS0000A86934,1,Y,2017-10-13 16:01:43.966632,rnacen,LT800916.1:1..67:ncRNA:snopy:Danio_rerio300270,1,7955,1139402377
12,162,201,URS0000A8D1BA,1,Y,2017-10-13 16:02:15.028141,rnacen,LT800917.1:1..67:ncRNA:snopy:Danio_rerio300271,1,7955,1139402378
12,162,201,URS0000A7A845,1,Y,2017-10-13 16:01:57.064760,rnacen,LT800918.1:1..67:ncRNA:snopy:Danio_rerio300272,1,7955,1139402379
12,162,201,URS00007072D0,1,Y,2017-10-13 16:02:27.851474,rnacen,LT800919.1:1..136:ncRNA:snopy:Danio_rerio300273,1,7955,1139402380
12,162,201,URS000062CF55,1,Y,2017-10-13 16:02:13.115785,rnacen,LT800920.1:1..136:ncRNA:snopy:Danio_rerio300274,1,7955,1139402381
12,162,201,URS0000625370,1,Y,2017-10-13 16:01:49.543756,rnacen,LT800921.1:1..142:ncRNA:snopy:Danio_rerio300275,1,7955,1139402382
12,162,201,URS00006EA75F,1,Y,2017-10-13 16:01:55.573281,rnacen,LT800922.1:1..139:ncRNA:snopy:Danio_rerio300276,1,7955,1139402383
12,162,201,URS00006775AE,1,Y,2017-10-13 16:02:38.012313,rnacen,LT800923.1:1..122:ncRNA:snopy:Danio_rerio300277,1,7955,1139402384
12,162,201,URS0000724A4F,1,Y,2017-10-13 16:02:27.143602,rnacen,LT800924.1:1..122:ncRNA:snopy:Danio_rerio300278,1,7955,1139402385
12,162,201,URS00006C4D1C,1,Y,2017-10-13 16:02:10.641402,rnacen,LT800925.1:1..136:ncRNA:snopy:Danio_rerio300279,1,7955,1139402386
12,162,201,URS0000A8DF43,1,Y,2017-10-13 16:01:41.730250,rnacen,LT800926.1:1..129:ncRNA:snopy:Danio_rerio300280,1,7955,1139402387
12,162,201,URS0000674B45,1,Y,2017-10-13 16:01:39.545790,rnacen,LT800927.1:1..67:ncRNA:snopy:Danio_rerio300281,1,7955,1139402388
12,162,201,URS000071A181,1,Y,2017-10-13 16:01:54.116824,rnacen,LT800928.1:1..75:ncRNA:snopy:Danio_rerio300282,1,7955,1139402389
12,162,201,URS000065A26A,1,Y,2017-10-13 16:02:42.545897,rnacen,LT800929.1:1..75:ncRNA:snopy:Danio_rerio300283,1,7955,1139402390
12,162,201,URS00006F54CC,1,Y,2017-10-13 16:02:34.128876,rnacen,LT800930.1:1..137:ncRNA:snopy:Danio_rerio300284,1,7955,1139402391
12,162,201,URS0000A8BD10,1,Y,2017-10-13 16:02:19.453518,rnacen,LT800931.1:1..133:ncRNA:snopy:Danio_rerio300285,1,7955,1139402392
12,162,201,URS00006D9B80,1,Y,2017-10-13 16:01:48.741469,rnacen,LT800932.1:1..138:ncRNA:snopy:Danio_rerio300286,1,7955,1139402393
12,162,201,URS0000A7DD2D,1,Y,2017-10-13 16:02:31.567465,rnacen,LT800933.1:1..57:ncRNA:snopy:Danio_rerio300287,1,7955,1139402394
12,162,201,URS0000AAD7F8,1,Y,2017-10-13 16:02:18.592415,rnacen,LT800934.1:1..130:ncRNA:snopy:Danio_rerio300288,1,7955,1139402395
12,162,201,URS0000A8084A,1,Y,2017-10-13 16:02:24.844677,rnacen,LT800935.1:1..139:ncRNA:snopy:Danio_rerio300289,1,7955,1139402396
12,162,201,URS00006B3300,1,Y,2017-10-13 16:02:02.101917,rnacen,LT800936.1:1..76:ncRNA:snopy:Danio_rerio300290,1,7955,1139402397
12,162,201,URS0000A8CAFC,1,Y,2017-10-13 16:02:29.519447,rnacen,LT800937.1:1..92:ncRNA:snopy:Danio_rerio300291,1,7955,1139402398
12,162,201,URS000064502B,1,Y,2017-10-13 16:01:43.860644,rnacen,LT800938.1:1..125:ncRNA:snopy:Danio_rerio300292,1,7955,1139402399
12,162,201,URS00006A22AC,1,Y,2017-10-13 16:02:03.940194,rnacen,LT800939.1:1..125:ncRNA:snopy:Danio_rerio300293,1,7955,1139402400
12,162,201,URS00006EB747,1,Y,2017-10-13 16:02:04.194512,rnacen,LT800940.1:1..227:ncRNA:snopy:Danio_rerio300294,1,7955,1139402401
12,162,201,URS00006E463C,1,Y,2017-10-13 16:02:16.868768,rnacen,LT800941.1:1..227:ncRNA:snopy:Danio_rerio300295,1,7955,1139402402
12,162,201,URS0000BBD693,1,Y,2017-10-13 16:02:45.503909,rnacen,LT800942.1:1..70:ncRNA:snopy:Danio_rerio300296,1,7955,1139402403
12,162,201,URS00006D06B6,1,Y,2017-10-13 16:02:12.670391,rnacen,LT800943.1:1..216:ncRNA:snopy:Danio_rerio300297,1,7955,1139402404
12,162,201,URS0000694CE4,1,Y,2017-10-13 16:02:17.767264,rnacen,LT800944.1:1..216:ncRNA:snopy:Danio_rerio300298,1,7955,1139402405
12,162,201,URS000062B416,1,Y,2017-10-13 16:01:41.490581,rnacen,LT800945.1:1..216:ncRNA:snopy:Danio_rerio300299,1,7955,1139402406
12,162,215,URS00006F7FE6,1,Y,2017-10-13 16:02:40.021948,rnacen,LT800692.1:1..88:ncRNA:snopy:Danio_rerio300000,1,7955,1139402407
12,162,215,URS00006BA115,1,Y,2017-10-13 16:02:29.636000,rnacen,LT800693.1:1..88:ncRNA:snopy:Danio_rerio300001,1,7955,1139402408
12,162,215,URS000064E9A4,1,Y,2017-10-13 16:01:49.742506,rnacen,LT800694.1:1..71:ncRNA:snopy:Danio_rerio300006,1,7955,1139402409
12,162,215,URS000071B7E0,1,Y,2017-10-13 16:02:25.111509,rnacen,LT800695.1:1..70:ncRNA:snopy:Danio_rerio300011,1,7955,1139402410
12,162,215,URS000067115C,1,Y,2017-10-13 16:01:56.890166,rnacen,LT800696.1:1..127:ncRNA:snopy:Danio_rerio300012,1,7955,1139402411
12,162,215,URS00006AD8E2,1,Y,2017-10-13 16:02:28.199315,rnacen,LT800697.1:1..70:ncRNA:snopy:Danio_rerio300013,1,7955,1139402412
12,162,215,URS000062866A,1,Y,2017-10-13 16:01:59.858377,rnacen,LT800698.1:1..216:ncRNA:snopy:Danio_rerio300020,1,7955,1139402413
12,162,215,URS00006258DB,1,Y,2017-10-13 16:02:26.722779,rnacen,LT800699.1:1..216:ncRNA:snopy:Danio_rerio300021,1,7955,1139402414
12,162,215,URS00006EE69D,1,Y,2017-10-13 16:01:48.519760,rnacen,LT800700.1:1..216:ncRNA:snopy:Danio_rerio300022,1,7955,1139402415
12,162,215,URS0000728FA9,1,Y,2017-10-13 16:02:41.707419,rnacen,LT800701.1:1..216:ncRNA:snopy:Danio_rerio300023,1,7955,1139402416
12,162,215,URS0000714AB3,1,Y,2017-10-13 16:01:59.349101,rnacen,LT800702.1:1..216:ncRNA:snopy:Danio_rerio300024,1,7955,1139402417
12,162,215,URS000062A271,1,Y,2017-10-13 16:01:47.123142,rnacen,LT800703.1:1..216:ncRNA:snopy:Danio_rerio300025,1,7955,1139402418
12,162,215,URS00006B0848,1,Y,2017-10-13 16:01:58.031478,rnacen,LT800704.1:1..215:ncRNA:snopy:Danio_rerio300026,1,7955,1139402419
12,162,215,URS00006916FA,1,Y,2017-10-13 16:02:13.298713,rnacen,LT800705.1:1..216:ncRNA:snopy:Danio_rerio300027,1,7955,1139402420
12,162,215,URS000070722D,1,Y,2017-10-13 16:02:38.447520,rnacen,LT800706.1:1..216:ncRNA:snopy:Danio_rerio300028,1,7955,1139402421
12,162,215,URS00006D3DBC,1,Y,2017-10-13 16:02:29.343294,rnacen,LT800707.1:1..77:ncRNA:snopy:Danio_rerio300029,1,7955,1139402422
12,162,215,URS00006D3DBC,1,Y,2017-10-13 16:02:29.343306,rnacen,LT800708.1:1..77:ncRNA:snopy:Danio_rerio300030,1,7955,1139402423
12,162,215,URS0000677FC1,1,Y,2017-10-13 16:02:13.142714,rnacen,LT800709.1:1..69:ncRNA:snopy:Danio_rerio300031,1,7955,1139402424
12,162,215,URS0000718FED,1,Y,2017-10-13 16:02:19.517687,rnacen,LT800710.1:1..94:ncRNA:snopy:Danio_rerio300032,1,7955,1139402425
12,162,215,URS0000648EF9,1,Y,2017-10-13 16:01:45.314132,rnacen,LT800711.1:1..93:ncRNA:snopy:Danio_rerio300033,1,7955,1139402426
12,162,215,URS00006C8EE0,1,Y,2017-10-13 16:01:58.914760,rnacen,LT800712.1:1..94:ncRNA:snopy:Danio_rerio300034,1,7955,1139402427
12,162,215,URS0000A87B8A,1,Y,2017-10-13 16:01:56.208001,rnacen,LT800713.1:1..87:ncRNA:snopy:Danio_rerio300035,1,7955,1139402428
12,162,215,URS000072ED4F,1,Y,2017-10-13 16:02:04.693451,rnacen,LT800714.1:1..216:ncRNA:snopy:Danio_rerio300036,1,7955,1139402429
12,162,215,URS000063D735,1,Y,2017-10-13 16:02:05.045836,rnacen,LT800715.1:1..216:ncRNA:snopy:Danio_rerio300037,1,7955,1139402430
12,162,215,URS00006FA4FC,1,Y,2017-10-13 16:02:14.888471,rnacen,LT800716.1:1..215:ncRNA:snopy:Danio_rerio300038,1,7955,1139402431
12,162,215,URS000063B546,1,Y,2017-10-13 16:02:34.829682,rnacen,LT800717.1:1..216:ncRNA:snopy:Danio_rerio300039,1,7955,1139402432
12,162,215,URS00006F5D22,1,Y,2017-10-13 16:01:55.736322,rnacen,LT800718.1:1..131:ncRNA:snopy:Danio_rerio300042,1,7955,1139402433
12,162,215,URS000063879A,1,Y,2017-10-13 16:02:15.550152,rnacen,LT800719.1:1..131:ncRNA:snopy:Danio_rerio300043,1,7955,1139402434
12,162,215,URS0000664E8E,1,Y,2017-10-13 16:02:22.222318,rnacen,LT800720.1:1..131:ncRNA:snopy:Danio_rerio300044,1,7955,1139402435
12,162,215,URS0000633157,1,Y,2017-10-13 16:01:53.684132,rnacen,LT800721.1:1..131:ncRNA:snopy:Danio_rerio300045,1,7955,1139402436
12,162,215,URS00006A6FBC,1,Y,2017-10-13 16:02:28.075790,rnacen,LT800722.1:1..72:ncRNA:snopy:Danio_rerio300046,1,7955,1139402437
12,162,215,URS00006720AE,1,Y,2017-10-13 16:02:23.083481,rnacen,LT800723.1:1..216:ncRNA:snopy:Danio_rerio300047,1,7955,1139402438
12,162,215,URS0000671535,1,Y,2017-10-13 16:01:45.906168,rnacen,LT800724.1:1..217:ncRNA:snopy:Danio_rerio300048,1,7955,1139402439
12,162,215,URS00006FA85B,1,Y,2017-10-13 16:02:07.870146,rnacen,LT800725.1:1..216:ncRNA:snopy:Danio_rerio300049,1,7955,1139402440
12,162,215,URS00006D0609,1,Y,2017-10-13 16:02:00.313757,rnacen,LT800726.1:1..217:ncRNA:snopy:Danio_rerio300051,1,7955,1139402441
12,162,215,URS00006D0030,1,Y,2017-10-13 16:01:55.813371,rnacen,LT800727.1:1..217:ncRNA:snopy:Danio_rerio300052,1,7955,1139402442
12,162,215,URS00006F9D80,1,Y,2017-10-13 16:02:27.557339,rnacen,LT800728.1:1..216:ncRNA:snopy:Danio_rerio300053,1,7955,1139402443
12,162,215,URS0000709C68,1,Y,2017-10-13 16:02:20.127778,rnacen,LT800729.1:1..99:ncRNA:snopy:Danio_rerio300054,1,7955,1139402444
12,162,215,URS0000708BF0,1,Y,2017-10-13 16:02:26.140912,rnacen,LT800730.1:1..216:ncRNA:snopy:Danio_rerio300055,1,7955,1139402445
12,162,215,URS0000A8F557,1,Y,2017-10-13 16:01:49.075281,rnacen,LT800731.1:1..76:ncRNA:snopy:Danio_rerio300057,1,7955,1139402446
12,162,215,URS000066B3AF,1,Y,2017-10-13 16:02:13.578595,rnacen,LT800732.1:1..133:ncRNA:snopy:Danio_rerio300059,1,7955,1139402447
12,162,215,URS00007084FE,1,Y,2017-10-13 16:02:10.970171,rnacen,LT800733.1:1..90:ncRNA:snopy:Danio_rerio300061,1,7955,1139402448
12,162,215,URS00006C3DCB,1,Y,2017-10-13 16:02:28.017658,rnacen,LT800734.1:1..136:ncRNA:snopy:Danio_rerio300062,1,7955,1139402449
12,162,215,URS0000696C61,1,Y,2017-10-13 16:02:40.947227,rnacen,LT800735.1:1..136:ncRNA:snopy:Danio_rerio300063,1,7955,1139402450
12,162,215,URS00006A4AAC,1,Y,2017-10-13 16:02:19.510165,rnacen,LT800736.1:1..136:ncRNA:snopy:Danio_rerio300064,1,7955,1139402451
12,162,215,URS0000AA80B6,1,Y,2017-10-13 16:02:25.595332,rnacen,LT800737.1:1..131:ncRNA:snopy:Danio_rerio300065,1,7955,1139402452
12,162,215,URS0000708BF0,1,Y,2017-10-13 16:02:26.140927,rnacen,LT800738.1:1..216:ncRNA:snopy:Danio_rerio300066,1,7955,1139402453
12,162,215,URS00006E0A43,1,Y,2017-10-13 16:01:54.296500,rnacen,LT800739.1:1..216:ncRNA:snopy:Danio_rerio300068,1,7955,1139402454
12,162,215,URS0000708BF0,1,Y,2017-10-13 16:02:26.140932,rnacen,LT800740.1:1..216:ncRNA:snopy:Danio_rerio300069,1,7955,1139402455
12,162,215,URS000071AC77,1,Y,2017-10-13 16:01:46.757704,rnacen,LT800741.1:1..217:ncRNA:snopy:Danio_rerio300070,1,7955,1139402456
12,162,215,URS00006342F8,1,Y,2017-10-13 16:01:47.162899,rnacen,LT800742.1:1..216:ncRNA:snopy:Danio_rerio300071,1,7955,1139402457
12,162,215,URS000062B416,1,Y,2017-10-13 16:01:41.490521,rnacen,LT800743.1:1..216:ncRNA:snopy:Danio_rerio300072,1,7955,1139402458
12,162,215,URS00006A070A,1,Y,2017-10-13 16:01:58.484569,rnacen,LT800744.1:1..216:ncRNA:snopy:Danio_rerio300073,1,7955,1139402459
12,162,215,URS000070315A,1,Y,2017-10-13 16:01:38.038200,rnacen,LT800745.1:1..133:ncRNA:snopy:Danio_rerio300075,1,7955,1139402460
12,162,215,URS00006EDD46,1,Y,2017-10-13 16:01:50.494173,rnacen,LT800746.1:1..127:ncRNA:snopy:Danio_rerio300076,1,7955,1139402461
12,162,215,URS000066182D,1,Y,2017-10-13 16:01:56.083464,rnacen,LT800747.1:1..133:ncRNA:snopy:Danio_rerio300078,1,7955,1139402462
12,162,215,URS000063BD50,1,Y,2017-10-13 16:01:43.074198,rnacen,LT800748.1:1..133:ncRNA:snopy:Danio_rerio300080,1,7955,1139402463
12,162,215,URS000067C834,1,Y,2017-10-13 16:01:55.916773,rnacen,LT800749.1:1..133:ncRNA:snopy:Danio_rerio300082,1,7955,1139402464
12,162,215,URS0000690D66,1,Y,2017-10-13 16:02:06.075655,rnacen,LT800750.1:1..71:ncRNA:snopy:Danio_rerio300085,1,7955,1139402465
12,162,215,URS000069D8C1,1,Y,2017-10-13 16:02:09.363018,rnacen,LT800751.1:1..72:ncRNA:snopy:Danio_rerio300086,1,7955,1139402466
12,162,215,URS0000A90C33,1,Y,2017-10-13 16:02:14.191162,rnacen,LT800752.1:1..81:ncRNA:snopy:Danio_rerio300087,1,7955,1139402467
12,162,215,URS0000A842E0,1,Y,2017-10-13 16:01:55.468105,rnacen,LT800753.1:1..81:ncRNA:snopy:Danio_rerio300088,1,7955,1139402468
12,162,215,URS000065DA31,1,Y,2017-10-13 16:01:50.507905,rnacen,LT800754.1:1..71:ncRNA:snopy:Danio_rerio300090,1,7955,1139402469
12,162,215,URS00006A76D4,1,Y,2017-10-13 16:01:55.129204,rnacen,LT800755.1:1..74:ncRNA:snopy:Danio_rerio300091,1,7955,1139402470
12,162,215,URS00006CD024,1,Y,2017-10-13 16:02:36.599607,rnacen,LT800756.1:1..81:ncRNA:snopy:Danio_rerio300092,1,7955,1139402471
12,162,215,URS00006FB8C1,1,Y,2017-10-13 16:02:25.041463,rnacen,LT800757.1:1..71:ncRNA:snopy:Danio_rerio300093,1,7955,1139402472
12,162,215,URS000068FCA3,1,Y,2017-10-13 16:02:13.874153,rnacen,LT800758.1:1..71:ncRNA:snopy:Danio_rerio300094,1,7955,1139402473
12,162,215,URS00006944CF,1,Y,2017-10-13 16:01:48.298923,rnacen,LT800759.1:1..76:ncRNA:snopy:Danio_rerio300097,1,7955,1139402474
12,162,215,URS00006667FA,1,Y,2017-10-13 16:02:05.715727,rnacen,LT800760.1:1..90:ncRNA:snopy:Danio_rerio300099,1,7955,1139402475
12,162,215,URS000067D85C,1,Y,2017-10-13 16:02:38.671111,rnacen,LT800761.1:1..136:ncRNA:snopy:Danio_rerio300100,1,7955,1139402476
12,162,215,URS0000685768,1,Y,2017-10-13 16:02:02.246477,rnacen,LT800762.1:1..99:ncRNA:snopy:Danio_rerio300101,1,7955,1139402477
12,162,215,URS0000697F48,1,Y,2017-10-13 16:01:53.861067,rnacen,LT800763.1:1..137:ncRNA:snopy:Danio_rerio300102,1,7955,1139402478
12,162,215,URS00006B37BE,1,Y,2017-10-13 16:01:48.354406,rnacen,LT800764.1:1..85:ncRNA:snopy:Danio_rerio300103,1,7955,1139402479
12,162,215,URS0000644FED,1,Y,2017-10-13 16:02:08.326414,rnacen,LT800765.1:1..87:ncRNA:snopy:Danio_rerio300104,1,7955,1139402480
12,162,215,URS00006FB7D7,1,Y,2017-10-13 16:02:43.097799,rnacen,LT800766.1:1..85:ncRNA:snopy:Danio_rerio300105,1,7955,1139402481
12,162,215,URS00006AC9B9,1,Y,2017-10-13 16:02:18.488612,rnacen,LT800767.1:1..85:ncRNA:snopy:Danio_rerio300106,1,7955,1139402482
12,162,215,URS0000A97982,1,Y,2017-10-13 16:02:06.352264,rnacen,LT800768.1:1..127:ncRNA:snopy:Danio_rerio300107,1,7955,1139402483
12,162,215,URS0000A8C893,1,Y,2017-10-13 16:01:43.547781,rnacen,LT800769.1:1..128:ncRNA:snopy:Danio_rerio300108,1,7955,1139402484
12,162,215,URS0000A845D6,1,Y,2017-10-13 16:02:14.765781,rnacen,LT800770.1:1..128:ncRNA:snopy:Danio_rerio300109,1,7955,1139402485
12,162,215,URS0000A9AE2B,1,Y,2017-10-13 16:01:50.169142,rnacen,LT800771.1:1..128:ncRNA:snopy:Danio_rerio300110,1,7955,1139402486
12,162,215,URS0000A8BD81,1,Y,2017-10-13 16:01:54.083847,rnacen,LT800772.1:1..128:ncRNA:snopy:Danio_rerio300111,1,7955,1139402487
12,162,215,URS0000662F18,1,Y,2017-10-13 16:02:09.328656,rnacen,LT800773.1:1..72:ncRNA:snopy:Danio_rerio300112,1,7955,1139402488
12,162,215,URS00006EE95D,1,Y,2017-10-13 16:02:04.619969,rnacen,LT800774.1:1..72:ncRNA:snopy:Danio_rerio300113,1,7955,1139402489
12,162,215,URS00006F6787,1,Y,2017-10-13 16:02:29.524469,rnacen,LT800775.1:1..76:ncRNA:snopy:Danio_rerio300114,1,7955,1139402490
12,162,215,URS000065E0C5,1,Y,2017-10-13 16:01:44.959474,rnacen,LT800776.1:1..71:ncRNA:snopy:Danio_rerio300115,1,7955,1139402491
12,162,215,URS000072C063,1,Y,2017-10-13 16:01:58.950896,rnacen,LT800777.1:1..142:ncRNA:snopy:Danio_rerio300116,1,7955,1139402492
12,162,215,URS0000AB042C,1,Y,2017-10-13 16:02:12.994648,rnacen,LT800778.1:1..90:ncRNA:snopy:Danio_rerio300117,1,7955,1139402493
12,162,215,URS0000A99F01,1,Y,2017-10-13 16:02:02.942405,rnacen,LT800779.1:1..179:ncRNA:snopy:Danio_rerio300118,1,7955,1139402494
12,162,215,URS000067F01B,1,Y,2017-10-13 16:02:29.933130,rnacen,LT800780.1:1..181:ncRNA:snopy:Danio_rerio300119,1,7955,1139402495
12,162,215,URS00006983C6,1,Y,2017-10-13 16:01:35.503868,rnacen,LT800781.1:1..96:ncRNA:snopy:Danio_rerio300120,1,7955,1139402496
12,162,215,URS00006516C4,1,Y,2017-10-13 16:02:40.972244,rnacen,LT800782.1:1..96:ncRNA:snopy:Danio_rerio300121,1,7955,1139402497
12,162,215,URS000070ACD4,1,Y,2017-10-13 16:02:37.415506,rnacen,LT800783.1:1..96:ncRNA:snopy:Danio_rerio300123,1,7955,1139402498
12,162,215,URS000063CA6C,1,Y,2017-10-13 16:02:40.474708,rnacen,LT800784.1:1..77:ncRNA:snopy:Danio_rerio300124,1,7955,1139402499
12,162,215,URS000062B354,1,Y,2017-10-13 16:01:39.741157,rnacen,LT800785.1:1..134:ncRNA:snopy:Danio_rerio300125,1,7955,1139402500
12,162,215,URS00006BAA23,1,Y,2017-10-13 16:02:30.682688,rnacen,LT800786.1:1..79:ncRNA:snopy:Danio_rerio300126,1,7955,1139402501
12,162,215,URS000066524B,1,Y,2017-10-13 16:01:42.684283,rnacen,LT800787.1:1..88:ncRNA:snopy:Danio_rerio300127,1,7955,1139402502
12,162,215,URS00006DCD04,1,Y,2017-10-13 16:02:12.656552,rnacen,LT800788.1:1..147:ncRNA:snopy:Danio_rerio300128,1,7955,1139402503
12,162,215,URS00006EDBF7,1,Y,2017-10-13 16:01:50.300942,rnacen,LT800789.1:1..149:ncRNA:snopy:Danio_rerio300129,1,7955,1139402504
12,162,215,URS00006BD550,1,Y,2017-10-13 16:02:22.061666,rnacen,LT800790.1:1..149:ncRNA:snopy:Danio_rerio300130,1,7955,1139402505
12,162,215,URS0000643858,1,Y,2017-10-13 16:01:36.045080,rnacen,LT800791.1:1..98:ncRNA:snopy:Danio_rerio300131,1,7955,1139402506
12,162,215,URS0000713A3E,1,Y,2017-10-13 16:01:48.151804,rnacen,LT800792.1:1..68:ncRNA:snopy:Danio_rerio300132,1,7955,1139402507
12,162,215,URS00006EFAB5,1,Y,2017-10-13 16:02:04.971539,rnacen,LT800793.1:1..98:ncRNA:snopy:Danio_rerio300133,1,7955,1139402508
12,162,215,URS0000721D10,1,Y,2017-10-13 16:02:08.646078,rnacen,LT800794.1:1..69:ncRNA:snopy:Danio_rerio300134,1,7955,1139402509
12,162,215,URS000069456A,1,Y,2017-10-13 16:02:14.203878,rnacen,LT800795.1:1..68:ncRNA:snopy:Danio_rerio300135,1,7955,1139402510
12,162,215,URS00006D9198,1,Y,2017-10-13 16:01:43.716280,rnacen,LT800796.1:1..70:ncRNA:snopy:Danio_rerio300136,1,7955,1139402511
12,162,215,URS000066278F,1,Y,2017-10-13 16:02:16.289365,rnacen,LT800797.1:1..81:ncRNA:snopy:Danio_rerio300137,1,7955,1139402512
12,162,215,URS0000A9FC24,1,Y,2017-10-13 16:02:37.900950,rnacen,LT800798.1:1..76:ncRNA:snopy:Danio_rerio300138,1,7955,1139402513
12,162,215,URS000062E9D6,1,Y,2017-10-13 16:01:46.581092,rnacen,LT800799.1:1..82:ncRNA:snopy:Danio_rerio300139,1,7955,1139402514
12,162,215,URS00006E64CA,1,Y,2017-10-13 16:02:00.748099,rnacen,LT800800.1:1..82:ncRNA:snopy:Danio_rerio300140,1,7955,1139402515
12,162,215,URS00006F1FA5,1,Y,2017-10-13 16:02:31.248369,rnacen,LT800801.1:1..67:ncRNA:snopy:Danio_rerio300141,1,7955,1139402516
12,162,215,URS0000A85A3D,1,Y,2017-10-13 16:01:45.767183,rnacen,LT800802.1:1..67:ncRNA:snopy:Danio_rerio300142,1,7955,1139402517
12,162,215,URS0000A791F3,1,Y,2017-10-13 16:02:03.200389,rnacen,LT800803.1:1..67:ncRNA:snopy:Danio_rerio300143,1,7955,1139402518
12,162,215,URS000062ACC9,1,Y,2017-10-13 16:02:16.912234,rnacen,LT800804.1:1..136:ncRNA:snopy:Danio_rerio300144,1,7955,1139402519
12,162,215,URS000067B3D9,1,Y,2017-10-13 16:02:27.217972,rnacen,LT800805.1:1..221:ncRNA:snopy:Danio_rerio300145,1,7955,1139402520
12,162,215,URS000072AA8B,1,Y,2017-10-13 16:01:56.627679,rnacen,LT800806.1:1..220:ncRNA:snopy:Danio_rerio300146,1,7955,1139402521
12,162,215,URS000064DD96,1,Y,2017-10-13 16:01:54.177259,rnacen,LT800807.1:1..221:ncRNA:snopy:Danio_rerio300147,1,7955,1139402522
12,162,215,URS00006EBFC0,1,Y,2017-10-13 16:01:48.902955,rnacen,LT800808.1:1..221:ncRNA:snopy:Danio_rerio300148,1,7955,1139402523
12,162,215,URS00006C4D1C,1,Y,2017-10-13 16:02:10.641391,rnacen,LT800809.1:1..136:ncRNA:snopy:Danio_rerio300149,1,7955,1139402524
12,162,215,URS0000724296,1,Y,2017-10-13 16:02:25.306783,rnacen,LT800810.1:1..68:ncRNA:snopy:Danio_rerio300150,1,7955,1139402525
12,162,215,URS0000682614,1,Y,2017-10-13 16:02:34.899108,rnacen,LT800811.1:1..76:ncRNA:snopy:Danio_rerio300152,1,7955,1139402526
12,162,215,URS0000693ABF,1,Y,2017-10-13 16:02:09.032761,rnacen,LT800812.1:1..77:ncRNA:snopy:Danio_rerio300153,1,7955,1139402527
12,162,215,URS00006E33BB,1,Y,2017-10-13 16:01:43.454494,rnacen,LT800813.1:1..77:ncRNA:snopy:Danio_rerio300154,1,7955,1139402528
12,162,215,URS00006815C7,1,Y,2017-10-13 16:02:29.595425,rnacen,LT800814.1:1..77:ncRNA:snopy:Danio_rerio300155,1,7955,1139402529
12,162,215,URS0000685B28,1,Y,2017-10-13 16:02:40.283527,rnacen,LT800815.1:1..68:ncRNA:snopy:Danio_rerio300156,1,7955,1139402530
12,162,215,URS00006404C6,1,Y,2017-10-13 16:01:42.477634,rnacen,LT800816.1:1..131:ncRNA:snopy:Danio_rerio300157,1,7955,1139402531
12,162,215,URS00006C59A3,1,Y,2017-10-13 16:02:24.474819,rnacen,LT800817.1:1..124:ncRNA:snopy:Danio_rerio300158,1,7955,1139402532
12,162,215,URS00006D144B,1,Y,2017-10-13 16:02:29.152214,rnacen,LT800818.1:1..138:ncRNA:snopy:Danio_rerio300163,1,7955,1139402533
12,162,215,URS00006A6240,1,Y,2017-10-13 16:02:26.519881,rnacen,LT800819.1:1..85:ncRNA:snopy:Danio_rerio300164,1,7955,1139402534
12,162,215,URS0000B3ABAC,1,Y,2017-10-13 16:02:45.791854,rnacen,LT800820.1:1..66:ncRNA:snopy:Danio_rerio300166,1,7955,1139402535
12,162,215,URS00006E354B,1,Y,2017-10-13 16:01:38.772896,rnacen,LT800821.1:1..134:ncRNA:snopy:Danio_rerio300167,1,7955,1139402536
12,162,215,URS00006D0E77,1,Y,2017-10-13 16:02:26.968724,rnacen,LT800822.1:1..134:ncRNA:snopy:Danio_rerio300168,1,7955,1139402537
12,162,215,URS0000646CFC,1,Y,2017-10-13 16:01:40.000056,rnacen,LT800823.1:1..127:ncRNA:snopy:Danio_rerio300169,1,7955,1139402538
12,162,215,URS00006B55B3,1,Y,2017-10-13 16:01:39.905335,rnacen,LT800824.1:1..82:ncRNA:snopy:Danio_rerio300170,1,7955,1139402539
12,162,215,URS000062A71F,1,Y,2017-10-13 16:02:15.746137,rnacen,LT800825.1:1..77:ncRNA:snopy:Danio_rerio300171,1,7955,1139402540
12,162,215,URS0000A8F228,1,Y,2017-10-13 16:02:03.149948,rnacen,LT800826.1:1..137:ncRNA:snopy:Danio_rerio300172,1,7955,1139402541
12,162,215,URS0000A9BF81,1,Y,2017-10-13 16:02:21.375237,rnacen,LT800827.1:1..137:ncRNA:snopy:Danio_rerio300173,1,7955,1139402542
12,162,215,URS0000657202,1,Y,2017-10-13 16:02:11.463084,rnacen,LT800828.1:1..78:ncRNA:snopy:Danio_rerio300174,1,7955,1139402543
12,162,215,URS0000693597,1,Y,2017-10-13 16:01:56.380853,rnacen,LT800829.1:1..79:ncRNA:snopy:Danio_rerio300175,1,7955,1139402544
12,162,215,URS0000B676E8,1,Y,2017-10-13 16:02:45.701496,rnacen,LT800830.1:1..68:ncRNA:snopy:Danio_rerio300176,1,7955,1139402545
12,162,215,URS000068843D,1,Y,2017-10-13 16:01:44.306264,rnacen,LT800831.1:1..217:ncRNA:snopy:Danio_rerio300182,1,7955,1139402546
12,162,215,URS00006CA046,1,Y,2017-10-13 16:01:36.715108,rnacen,LT800832.1:1..138:ncRNA:snopy:Danio_rerio300183,1,7955,1139402547
12,162,215,URS00006C16CE,1,Y,2017-10-13 16:02:25.752830,rnacen,LT800833.1:1..131:ncRNA:snopy:Danio_rerio300184,1,7955,1139402548
12,162,215,URS000063199F,1,Y,2017-10-13 16:02:19.969645,rnacen,LT800834.1:1..134:ncRNA:snopy:Danio_rerio300185,1,7955,1139402549
12,162,215,URS000062749F,1,Y,2017-10-13 16:02:36.605644,rnacen,LT800835.1:1..72:ncRNA:snopy:Danio_rerio300186,1,7955,1139402550
12,162,215,URS00006AA959,1,Y,2017-10-13 16:02:10.620305,rnacen,LT800836.1:1..88:ncRNA:snopy:Danio_rerio300187,1,7955,1139402551
12,162,215,URS000067BC27,1,Y,2017-10-13 16:01:58.393617,rnacen,LT800837.1:1..61:ncRNA:snopy:Danio_rerio300188,1,7955,1139402552
12,162,215,URS00006E8BC4,1,Y,2017-10-13 16:02:18.708271,rnacen,LT800838.1:1..106:ncRNA:snopy:Danio_rerio300189,1,7955,1139402553
12,162,215,URS000072302E,1,Y,2017-10-13 16:02:31.839092,rnacen,LT800839.1:1..133:ncRNA:snopy:Danio_rerio300190,1,7955,1139402554
12,162,215,URS0000A85B41,1,Y,2017-10-13 16:01:53.881099,rnacen,LT800840.1:1..134:ncRNA:snopy:Danio_rerio300191,1,7955,1139402555
12,162,215,URS000067237A,1,Y,2017-10-13 16:02:42.924033,rnacen,LT800841.1:1..294:ncRNA:snopy:Danio_rerio300192,1,7955,1139402556
12,162,215,URS00006EB701,1,Y,2017-10-13 16:01:47.455736,rnacen,LT800842.1:1..309:ncRNA:snopy:Danio_rerio300193,1,7955,1139402557
12,162,215,URS0000625B42,1,Y,2017-10-13 16:01:50.945789,rnacen,LT800843.1:1..321:ncRNA:snopy:Danio_rerio300194,1,7955,1139402558
12,162,215,URS0000697F18,1,Y,2017-10-13 16:01:44.937321,rnacen,LT800844.1:1..71:ncRNA:snopy:Danio_rerio300195,1,7955,1139402559
12,162,215,URS00006924EA,1,Y,2017-10-13 16:01:39.921721,rnacen,LT800845.1:1..71:ncRNA:snopy:Danio_rerio300196,1,7955,1139402560
12,162,215,URS00006A27E1,1,Y,2017-10-13 16:02:00.318714,rnacen,LT800846.1:1..179:ncRNA:snopy:Danio_rerio300197,1,7955,1139402561
12,162,215,URS000065B865,1,Y,2017-10-13 16:02:14.768772,rnacen,LT800847.1:1..190:ncRNA:snopy:Danio_rerio300198,1,7955,1139402562
12,162,215,URS00006B4742,1,Y,2017-10-13 16:02:38.142588,rnacen,LT800848.1:1..72:ncRNA:snopy:Danio_rerio300199,1,7955,1139402563
12,162,215,URS00006D4EDF,1,Y,2017-10-13 16:02:33.165570,rnacen,LT800849.1:1..136:ncRNA:snopy:Danio_rerio300200,1,7955,1139402564
12,162,215,URS00006B52F5,1,Y,2017-10-13 16:02:40.011048,rnacen,LT800850.1:1..130:ncRNA:snopy:Danio_rerio300201,1,7955,1139402565
12,162,215,URS0000698FBD,1,Y,2017-10-13 16:02:16.002019,rnacen,LT800851.1:1..98:ncRNA:snopy:Danio_rerio300202,1,7955,1139402566
12,162,215,URS00006E9C1A,1,Y,2017-10-13 16:02:20.498437,rnacen,LT800852.1:1..198:ncRNA:snopy:Danio_rerio300203,1,7955,1139402567
12,162,215,URS00009304AD,1,Y,2017-10-13 16:02:16.985045,rnacen,LT800853.1:1..135:ncRNA:snopy:Danio_rerio300204,1,7955,1139402568
12,162,215,URS0000AA7DEB,1,Y,2017-10-13 16:01:50.384747,rnacen,LT800854.1:1..136:ncRNA:snopy:Danio_rerio300205,1,7955,1139402569
12,162,215,URS00006F904E,1,Y,2017-10-13 16:02:13.329925,rnacen,LT800855.1:1..137:ncRNA:snopy:Danio_rerio300206,1,7955,1139402570
12,162,215,URS00006CF6E8,1,Y,2017-10-13 16:02:07.686469,rnacen,LT800856.1:1..137:ncRNA:snopy:Danio_rerio300207,1,7955,1139402571
12,162,215,URS0000A95277,1,Y,2017-10-13 16:01:44.297299,rnacen,LT800857.1:1..56:ncRNA:snopy:Danio_rerio300208,1,7955,1139402572
12,162,215,URS0000AA8B86,1,Y,2017-10-13 16:02:02.598493,rnacen,LT800858.1:1..129:ncRNA:snopy:Danio_rerio300209,1,7955,1139402573
12,162,215,URS000070D5F2,1,Y,2017-10-13 16:02:27.078714,rnacen,LT800859.1:1..127:ncRNA:snopy:Danio_rerio300210,1,7955,1139402574
12,162,215,URS00006548A7,1,Y,2017-10-13 16:02:30.961195,rnacen,LT800860.1:1..127:ncRNA:snopy:Danio_rerio300211,1,7955,1139402575
12,162,215,URS0000AAF4F6,1,Y,2017-10-13 16:02:21.936930,rnacen,LT800861.1:1..134:ncRNA:snopy:Danio_rerio300212,1,7955,1139402576
12,162,215,URS0000703E8A,1,Y,2017-10-13 16:02:23.151977,rnacen,LT800862.1:1..135:ncRNA:snopy:Danio_rerio300213,1,7955,1139402577
12,162,215,URS0000A8AB16,1,Y,2017-10-13 16:02:12.401632,rnacen,LT800863.1:1..124:ncRNA:snopy:Danio_rerio300214,1,7955,1139402578
12,162,215,URS0000A8849D,1,Y,2017-10-13 16:01:47.178202,rnacen,LT800864.1:1..97:ncRNA:snopy:Danio_rerio300215,1,7955,1139402579
12,162,215,URS000063C857,1,Y,2017-10-13 16:02:09.187500,rnacen,LT800865.1:1..139:ncRNA:snopy:Danio_rerio300216,1,7955,1139402580
12,162,215,URS00006B63F4,1,Y,2017-10-13 16:02:02.782143,rnacen,LT800866.1:1..142:ncRNA:snopy:Danio_rerio300217,1,7955,1139402581
12,162,215,URS000072A4AA,1,Y,2017-10-13 16:02:25.553410,rnacen,LT800867.1:1..85:ncRNA:snopy:Danio_rerio300218,1,7955,1139402582
12,162,215,URS000068ED9B,1,Y,2017-10-13 16:02:42.092796,rnacen,LT800868.1:1..84:ncRNA:snopy:Danio_rerio300219,1,7955,1139402583
12,162,215,URS000065B39C,1,Y,2017-10-13 16:01:52.321517,rnacen,LT800869.1:1..91:ncRNA:snopy:Danio_rerio300220,1,7955,1139402584
12,162,215,URS00006505D4,1,Y,2017-10-13 16:01:52.936108,rnacen,LT800870.1:1..104:ncRNA:snopy:Danio_rerio300221,1,7955,1139402585
12,162,215,URS00006FA9B1,1,Y,2017-10-13 16:02:26.600976,rnacen,LT800871.1:1..115:ncRNA:snopy:Danio_rerio300222,1,7955,1139402586
12,162,215,URS00006F4B0A,1,Y,2017-10-13 16:01:41.902332,rnacen,LT800872.1:1..111:ncRNA:snopy:Danio_rerio300223,1,7955,1139402587
12,162,215,URS0000712F21,1,Y,2017-10-13 16:02:14.009692,rnacen,LT800873.1:1..65:ncRNA:snopy:Danio_rerio300224,1,7955,1139402588
12,162,215,URS0000682C1E,1,Y,2017-10-13 16:02:41.281930,rnacen,LT800874.1:1..74:ncRNA:snopy:Danio_rerio300225,1,7955,1139402589
12,162,215,URS0000641326,1,Y,2017-10-13 16:02:17.448920,rnacen,LT800875.1:1..139:ncRNA:snopy:Danio_rerio300226,1,7955,1139402590
12,162,215,URS000070DC51,1,Y,2017-10-13 16:01:43.879153,rnacen,LT800876.1:1..128:ncRNA:snopy:Danio_rerio300227,1,7955,1139402591
12,162,215,URS0000655E75,1,Y,2017-10-13 16:02:16.920013,rnacen,LT800877.1:1..83:ncRNA:snopy:Danio_rerio300229,1,7955,1139402592
12,162,215,URS0000AA5C91,1,Y,2017-10-13 16:01:36.839304,rnacen,LT800878.1:1..127:ncRNA:snopy:Danio_rerio300230,1,7955,1139402593
12,162,215,URS00006EBDDF,1,Y,2017-10-13 16:02:08.625517,rnacen,LT800879.1:1..82:ncRNA:snopy:Danio_rerio300232,1,7955,1139402594
12,162,215,URS000066D35C,1,Y,2017-10-13 16:02:07.286272,rnacen,LT800880.1:1..83:ncRNA:snopy:Danio_rerio300233,1,7955,1139402595
12,162,215,URS00006240A6,1,Y,2017-10-13 16:02:37.387287,rnacen,LT800881.1:1..127:ncRNA:snopy:Danio_rerio300234,1,7955,1139402596
12,162,215,URS00006C36E4,1,Y,2017-10-13 16:02:25.527478,rnacen,LT800882.1:1..127:ncRNA:snopy:Danio_rerio300235,1,7955,1139402597
12,162,215,URS0000646D97,1,Y,2017-10-13 16:02:03.175884,rnacen,LT800883.1:1..130:ncRNA:snopy:Danio_rerio300236,1,7955,1139402598
12,162,215,URS0000684502,1,Y,2017-10-13 16:02:34.649867,rnacen,LT800884.1:1..131:ncRNA:snopy:Danio_rerio300237,1,7955,1139402599
12,162,215,URS0000AAEC6B,1,Y,2017-10-13 16:02:11.955329,rnacen,LT800885.1:1..90:ncRNA:snopy:Danio_rerio300238,1,7955,1139402600
12,162,215,URS00006A986D,1,Y,2017-10-13 16:02:23.477780,rnacen,LT800886.1:1..135:ncRNA:snopy:Danio_rerio300239,1,7955,1139402601
12,162,215,URS00006A0497,1,Y,2017-10-13 16:01:35.959228,rnacen,LT800887.1:1..133:ncRNA:snopy:Danio_rerio300240,1,7955,1139402602
12,162,215,URS000063C799,1,Y,2017-10-13 16:02:31.503573,rnacen,LT800888.1:1..133:ncRNA:snopy:Danio_rerio300241,1,7955,1139402603
12,162,215,URS000062D6E0,1,Y,2017-10-13 16:01:40.282402,rnacen,LT800889.1:1..216:ncRNA:snopy:Danio_rerio300242,1,7955,1139402604
12,162,215,URS00006D7913,1,Y,2017-10-13 16:01:45.791934,rnacen,LT800890.1:1..216:ncRNA:snopy:Danio_rerio300243,1,7955,1139402605
12,162,215,URS0000708BF0,1,Y,2017-10-13 16:02:26.140959,rnacen,LT800891.1:1..216:ncRNA:snopy:Danio_rerio300244,1,7955,1139402606
12,162,215,URS0000708BF0,1,Y,2017-10-13 16:02:26.140980,rnacen,LT800892.1:1..216:ncRNA:snopy:Danio_rerio300245,1,7955,1139402607
12,162,215,URS00006E0434,1,Y,2017-10-13 16:02:16.202088,rnacen,LT800893.1:1..198:ncRNA:snopy:Danio_rerio300246,1,7955,1139402608
12,162,215,URS000063EEA3,1,Y,2017-10-13 16:02:11.152444,rnacen,LT800894.1:1..138:ncRNA:snopy:Danio_rerio300247,1,7955,1139402609
12,162,215,URS0000641EA4,1,Y,2017-10-13 16:02:19.748200,rnacen,LT800895.1:1..156:ncRNA:snopy:Danio_rerio300248,1,7955,1139402610
12,162,215,URS000071E194,1,Y,2017-10-13 16:02:15.272729,rnacen,LT800896.1:1..63:ncRNA:snopy:Danio_rerio300249,1,7955,1139402611
12,162,215,URS00006D7462,1,Y,2017-10-13 16:01:42.582734,rnacen,LT800897.1:1..78:ncRNA:snopy:Danio_rerio300250,1,7955,1139402612
12,162,215,URS0000A93B66,1,Y,2017-10-13 16:02:34.680089,rnacen,LT800898.1:1..62:ncRNA:snopy:Danio_rerio300251,1,7955,1139402613
12,162,215,URS00006F5E4E,1,Y,2017-10-13 16:01:36.899501,rnacen,LT800899.1:1..140:ncRNA:snopy:Danio_rerio300253,1,7955,1139402614
12,162,215,URS000063CD6C,1,Y,2017-10-13 16:02:22.618743,rnacen,LT800900.1:1..142:ncRNA:snopy:Danio_rerio300254,1,7955,1139402615
12,162,215,URS000071F254,1,Y,2017-10-13 16:02:01.413583,rnacen,LT800901.1:1..82:ncRNA:snopy:Danio_rerio300255,1,7955,1139402616
12,162,215,URS00006C5787,1,Y,2017-10-13 16:02:34.022681,rnacen,LT800902.1:1..82:ncRNA:snopy:Danio_rerio300256,1,7955,1139402617
12,162,215,URS0000625BC8,1,Y,2017-10-13 16:02:29.521502,rnacen,LT800903.1:1..82:ncRNA:snopy:Danio_rerio300257,1,7955,1139402618
12,162,215,URS000068CE8B,1,Y,2017-10-13 16:01:56.591164,rnacen,LT800904.1:1..82:ncRNA:snopy:Danio_rerio300258,1,7955,1139402619
12,162,215,URS000068C093,1,Y,2017-10-13 16:02:42.081162,rnacen,LT800905.1:1..83:ncRNA:snopy:Danio_rerio300259,1,7955,1139402620
12,162,215,URS00006F50F2,1,Y,2017-10-13 16:02:18.151501,rnacen,LT800906.1:1..184:ncRNA:snopy:Danio_rerio300260,1,7955,1139402621
12,162,215,URS000070C9F9,1,Y,2017-10-13 16:01:33.358681,rnacen,LT800907.1:1..131:ncRNA:snopy:Danio_rerio300261,1,7955,1139402622
12,162,215,URS00007095BB,1,Y,2017-10-13 16:02:28.616973,rnacen,LT800908.1:1..145:ncRNA:snopy:Danio_rerio300262,1,7955,1139402623
12,162,215,URS0000663EC1,1,Y,2017-10-13 16:02:15.099929,rnacen,LT800909.1:1..136:ncRNA:snopy:Danio_rerio300263,1,7955,1139402624
12,162,215,URS00007061E9,1,Y,2017-10-13 16:01:38.508555,rnacen,LT800910.1:1..135:ncRNA:snopy:Danio_rerio300264,1,7955,1139402625
12,162,215,URS00006367FE,1,Y,2017-10-13 16:01:46.891027,rnacen,LT800911.1:1..136:ncRNA:snopy:Danio_rerio300265,1,7955,1139402626
12,162,215,URS00006BB1C9,1,Y,2017-10-13 16:02:15.662500,rnacen,LT800912.1:1..132:ncRNA:snopy:Danio_rerio300266,1,7955,1139402627
12,162,215,URS00006EB1B0,1,Y,2017-10-13 16:01:41.981014,rnacen,LT800913.1:1..132:ncRNA:snopy:Danio_rerio300267,1,7955,1139402628
12,162,215,URS0000A8BD89,1,Y,2017-10-13 16:02:09.307471,rnacen,LT800914.1:1..67:ncRNA:snopy:Danio_rerio300268,1,7955,1139402629
12,162,215,URS0000A8D1B3,1,Y,2017-10-13 16:02:22.126764,rnacen,LT800915.1:1..67:ncRNA:snopy:Danio_rerio300269,1,7955,1139402630
12,162,215,URS0000A86934,1,Y,2017-10-13 16:01:43.966632,rnacen,LT800916.1:1..67:ncRNA:snopy:Danio_rerio300270,1,7955,1139402631
12,162,215,URS0000A8D1BA,1,Y,2017-10-13 16:02:15.028141,rnacen,LT800917.1:1..67:ncRNA:snopy:Danio_rerio300271,1,7955,1139402632
12,162,215,URS0000A7A845,1,Y,2017-10-13 16:01:57.064760,rnacen,LT800918.1:1..67:ncRNA:snopy:Danio_rerio300272,1,7955,1139402633
12,162,215,URS00007072D0,1,Y,2017-10-13 16:02:27.851474,rnacen,LT800919.1:1..136:ncRNA:snopy:Danio_rerio300273,1,7955,1139402634
12,162,215,URS000062CF55,1,Y,2017-10-13 16:02:13.115785,rnacen,LT800920.1:1..136:ncRNA:snopy:Danio_rerio300274,1,7955,1139402635
12,162,215,URS0000625370,1,Y,2017-10-13 16:01:49.543756,rnacen,LT800921.1:1..142:ncRNA:snopy:Danio_rerio300275,1,7955,1139402636
12,162,215,URS00006EA75F,1,Y,2017-10-13 16:01:55.573281,rnacen,LT800922.1:1..139:ncRNA:snopy:Danio_rerio300276,1,7955,1139402637
12,162,215,URS00006775AE,1,Y,2017-10-13 16:02:38.012313,rnacen,LT800923.1:1..122:ncRNA:snopy:Danio_rerio300277,1,7955,1139402638
12,162,215,URS0000724A4F,1,Y,2017-10-13 16:02:27.143602,rnacen,LT800924.1:1..122:ncRNA:snopy:Danio_rerio300278,1,7955,1139402639
12,162,215,URS00006C4D1C,1,Y,2017-10-13 16:02:10.641402,rnacen,LT800925.1:1..136:ncRNA:snopy:Danio_rerio300279,1,7955,1139402640
12,162,215,URS0000A8DF43,1,Y,2017-10-13 16:01:41.730250,rnacen,LT800926.1:1..129:ncRNA:snopy:Danio_rerio300280,1,7955,1139402641
12,162,215,URS0000674B45,1,Y,2017-10-13 16:01:39.545790,rnacen,LT800927.1:1..67:ncRNA:snopy:Danio_rerio300281,1,7955,1139402642
12,162,215,URS000071A181,1,Y,2017-10-13 16:01:54.116824,rnacen,LT800928.1:1..75:ncRNA:snopy:Danio_rerio300282,1,7955,1139402643
12,162,215,URS000065A26A,1,Y,2017-10-13 16:02:42.545897,rnacen,LT800929.1:1..75:ncRNA:snopy:Danio_rerio300283,1,7955,1139402644
12,162,215,URS00006F54CC,1,Y,2017-10-13 16:02:34.128876,rnacen,LT800930.1:1..137:ncRNA:snopy:Danio_rerio300284,1,7955,1139402645
12,162,215,URS0000A8BD10,1,Y,2017-10-13 16:02:19.453518,rnacen,LT800931.1:1..133:ncRNA:snopy:Danio_rerio300285,1,7955,1139402646
12,162,215,URS00006D9B80,1,Y,2017-10-13 16:01:48.741469,rnacen,LT800932.1:1..138:ncRNA:snopy:Danio_rerio300286,1,7955,1139402647
12,162,215,URS0000A7DD2D,1,Y,2017-10-13 16:02:31.567465,rnacen,LT800933.1:1..57:ncRNA:snopy:Danio_rerio300287,1,7955,1139402648
12,162,215,URS0000AAD7F8,1,Y,2017-10-13 16:02:18.592415,rnacen,LT800934.1:1..130:ncRNA:snopy:Danio_rerio300288,1,7955,1139402649
12,162,215,URS0000A8084A,1,Y,2017-10-13 16:02:24.844677,rnacen,LT800935.1:1..139:ncRNA:snopy:Danio_rerio300289,1,7955,1139402650
12,162,215,URS00006B3300,1,Y,2017-10-13 16:02:02.101917,rnacen,LT800936.1:1..76:ncRNA:snopy:Danio_rerio300290,1,7955,1139402651
12,162,215,URS0000A8CAFC,1,Y,2017-10-13 16:02:29.519447,rnacen,LT800937.1:1..92:ncRNA:snopy:Danio_rerio300291,1,7955,1139402652
12,162,215,URS000064502B,1,Y,2017-10-13 16:01:43.860644,rnacen,LT800938.1:1..125:ncRNA:snopy:Danio_rerio300292,1,7955,1139402653
12,162,215,URS00006A22AC,1,Y,2017-10-13 16:02:03.940194,rnacen,LT800939.1:1..125:ncRNA:snopy:Danio_rerio300293,1,7955,1139402654
12,162,215,URS00006EB747,1,Y,2017-10-13 16:02:04.194512,rnacen,LT800940.1:1..227:ncRNA:snopy:Danio_rerio300294,1,7955,1139402655
12,162,215,URS00006E463C,1,Y,2017-10-13 16:02:16.868768,rnacen,LT800941.1:1..227:ncRNA:snopy:Danio_rerio300295,1,7955,1139402656
12,162,215,URS0000BBD693,1,Y,2017-10-13 16:02:45.503909,rnacen,LT800942.1:1..70:ncRNA:snopy:Danio_rerio300296,1,7955,1139402657
12,162,215,URS00006D06B6,1,Y,2017-10-13 16:02:12.670391,rnacen,LT800943.1:1..216:ncRNA:snopy:Danio_rerio300297,1,7955,1139402658
12,162,215,URS0000694CE4,1,Y,2017-10-13 16:02:17.767264,rnacen,LT800944.1:1..216:ncRNA:snopy:Danio_rerio300298,1,7955,1139402659
12,162,215,URS000062B416,1,Y,2017-10-13 16:01:41.490581,rnacen,LT800945.1:1..216:ncRNA:snopy:Danio_rerio300299,1,7955,1139402660
